,accuracy,f1_score,precision,recall,ml_framework,transfer_learning,deep_learning,model_type,depth,num_params,embedding_layers,conv1d_layers,maxpooling1d_layers,simplernn_layers,dropout_layers,flatten_layers,lstm_layers,inputlayer_layers,concatenate_layers,bidirectional_layers,globalmaxpooling1d_layers,timedistributed_layers,globalaveragepooling1d_layers,dense_layers,batchnormalization_layers,sigmoid_act,softmax_act,tanh_act,relu_act,loss,optimizer,memory_size,team,username,timestamp,version
0,0.9231613611416026,0.9231279232364146,0.9239618541767264,0.9231853672643148,unknown,,,unknown,,,,,,,,,,,,,,,,,,,,,,,,,,rian,2023-04-13 08:36:38.662069,78
1,0.8298572996706916,0.8291160457013678,0.8358551663232263,0.8299305957200694,keras,,True,Sequential,6.0,3603906.0,1.0,,,,1.0,,,,,2.0,1.0,,,1.0,,,1.0,,,str,Adam,14417664.0,,eminilkay,2023-04-14 21:58:42.929609,143
2,0.827661909989023,0.8275422170508051,0.8285079834531818,0.8276339888181994,keras,True,True,Sequential,8.0,830274.0,1.0,,,,,1.0,3.0,,,,,,,3.0,,,1.0,3.0,2.0,str,RMSprop,3323248.0,,emmayang,2023-04-16 23:21:44.172156,234
3,0.8254665203073546,0.8250584249714669,0.8286569343065693,0.8255205320994794,keras,,True,Sequential,4.0,172674.0,1.0,,,,,1.0,1.0,,,,,,,1.0,,,1.0,1.0,,str,RMSprop,691568.0,,timnyt,2023-04-17 23:39:25.212314,327
4,0.8254665203073546,0.8254252915122481,0.825736379511621,0.8254506458453827,keras,,True,Sequential,6.0,817762.0,1.0,,,,,1.0,2.0,,,,,,,2.0,,1.0,,2.0,1.0,str,RMSprop,3272592.0,,sdp2158,2023-04-16 00:18:10.097860,195
5,0.8199780461031834,0.8199413800750104,0.8202756418296366,0.8199946982841719,keras,,True,Sequential,3.0,111138.0,1.0,,,,,,,,,1.0,,,,1.0,,,1.0,,,str,RMSprop,445856.0,9.0,realdfy,2023-04-15 21:24:26.415222,184
6,0.818880351262349,0.8188375666636536,0.8191444201101795,0.8188644688644688,keras,,True,Sequential,4.0,187138.0,1.0,,,,,1.0,1.0,,,,,,,1.0,,,1.0,1.0,,str,RMSprop,749424.0,,timnyt,2023-04-18 04:47:35.461666,385
7,0.8177826564215148,0.8177648703364504,0.8179323978976807,0.8177944862155389,keras,,True,Sequential,6.0,963856.0,1.0,1.0,1.0,,,1.0,,,,,,,,2.0,,,1.0,,2.0,str,Adam,3856424.0,,francesyang,2023-04-12 20:01:33.618443,66
8,0.8177826564215148,0.8177806803612913,0.8177892169621254,0.8177800269905533,keras,,True,Sequential,3.0,2168577.0,1.0,,,,,,1.0,,,,,,,1.0,,1.0,,1.0,,function,Adam,8675184.0,,rian,2023-04-13 07:05:50.479257,76
9,0.8166849615806806,0.8164859515018317,0.8179831566719907,0.8166497975708502,keras,,True,Sequential,5.0,174658.0,1.0,,,,,1.0,2.0,,,,,,,1.0,,,1.0,2.0,,str,RMSprop,699936.0,,ran_liao,2023-04-17 00:05:07.190064,237
10,0.814489571899012,0.8141994267612007,0.8165662533713642,0.8145339309812993,keras,,True,Sequential,6.0,235682.0,1.0,,,,,1.0,3.0,,,,,,,1.0,,,1.0,3.0,,str,RMSprop,944400.0,,amsay99,2023-04-13 16:00:37.917982,85
11,0.814489571899012,0.8144573783076658,0.8146762929953508,0.8144760940813572,keras,,True,Sequential,15.0,158674.0,1.0,8.0,3.0,,1.0,,,,,,1.0,,,1.0,,,1.0,,8.0,str,RMSprop,637376.0,,jer2240,2023-04-18 02:08:08.549804,393
12,0.814489571899012,0.8144815245485821,0.8145614593276063,0.8144977829188356,keras,True,True,Sequential,6.0,817730.0,1.0,,,,,1.0,3.0,,,,,,,1.0,,,1.0,3.0,,str,RMSprop,3272592.0,,emmayang,2023-04-16 22:31:19.451600,228
13,0.8133918770581778,0.8132728552964099,0.8142566496559189,0.8134205706574127,keras,,True,Sequential,6.0,1080898.0,1.0,1.0,,,1.0,,,,,,1.0,,,2.0,,,1.0,,2.0,str,RMSprop,4324592.0,,lah2228,2023-04-17 23:36:25.659565,325
14,0.8133918770581778,0.8133862556272111,0.8134442034225114,0.8133988818199345,keras,,True,Sequential,5.0,174658.0,1.0,,,,,1.0,2.0,,,,,,,1.0,,,1.0,2.0,,str,RMSprop,699936.0,,xilin0323,2023-04-17 02:11:57.153966,261
15,0.8111964873765093,0.8109776104999036,0.8127300375808764,0.8112348178137652,keras,,True,Sequential,4.0,217102.0,1.0,,,,,,1.0,,,1.0,,,,1.0,,,1.0,1.0,,str,RMSprop,870080.0,,amsay99,2023-04-13 21:38:36.289682,97
16,0.8100987925356751,0.8095701272448488,0.8137138762138763,0.8101576055523424,keras,,True,Sequential,3.0,1007522.0,1.0,,,,,,1.0,,,,,,,1.0,,,1.0,1.0,,str,RMSprop,4030960.0,,sofiazaidman,2023-04-15 15:32:48.148460,154
17,0.8079034028540066,0.8070095160620621,0.8138883157967127,0.8079790823211876,keras,,True,Sequential,4.0,161634.0,1.0,1.0,,,,,,,,,1.0,,,1.0,,,1.0,,1.0,str,RMSprop,647296.0,,eminilkay,2023-04-14 16:37:36.719045,130
18,0.8090010976948409,0.8088073527283253,0.8103383185712212,0.809037015615963,keras,,True,Sequential,6.0,366082.0,1.0,,,,2.0,,2.0,,,,,,,1.0,,,1.0,2.0,,str,RMSprop,1465632.0,,sairachawla,2023-04-18 16:38:39.891330,412
19,0.8079034028540066,0.8073686258257141,0.8114933114933115,0.8079622132253712,keras,,True,Sequential,5.0,1007482.0,1.0,2.0,,,,1.0,,,,,,,,1.0,,,1.0,,2.0,str,RMSprop,4030944.0,,sofiazaidman,2023-04-15 14:43:48.260422,150
20,0.8090010976948409,0.8089179806162303,0.8095919845485273,0.8090249662618083,keras,,True,Sequential,4.0,640130.0,1.0,,,,1.0,,,,,,,,1.0,1.0,,,1.0,,,str,RMSprop,3111632.0,,chachagsedaro,2023-03-29 03:00:32.799334,26
21,0.8079034028540066,0.8073686258257141,0.8114933114933115,0.8079622132253712,keras,,True,Sequential,3.0,105570.0,1.0,,,,,,1.0,,,,,,,1.0,,,1.0,1.0,,str,RMSprop,423152.0,,sofiazaidman,2023-04-15 14:21:10.945565,149
22,0.8068057080131723,0.8056250606148774,0.8146446078431373,0.8068922305764411,keras,,True,Sequential,4.0,162658.0,1.0,1.0,,,,,,,,,1.0,,,1.0,,,1.0,,1.0,str,RMSprop,651392.0,,halfbaked_em,2023-04-17 19:59:52.363475,292
23,0.8057080131723381,0.8035262365892739,0.820195490694764,0.805824657798342,keras,,True,Sequential,4.0,201154.0,1.0,,,,,1.0,,,,,,,,2.0,,,2.0,,,str,RMSprop,805360.0,,1jiahe,2023-04-11 21:54:20.124784,46
24,0.8090010976948409,0.8089824544490505,0.8091470176961281,0.8090129169076538,keras,,True,Sequential,4.0,336770.0,1.0,,,,,1.0,,,,1.0,,,,1.0,,,1.0,,,str,RMSprop,1348384.0,,ran_liao,2023-04-17 00:30:26.732490,242
25,0.8079034028540066,0.8074942311663127,0.8106591012962261,0.8079549836128783,keras,,True,Sequential,5.0,174658.0,1.0,,,,,1.0,2.0,,,,,,,1.0,,,1.0,2.0,,str,RMSprop,699936.0,,moonliang,2023-04-17 22:43:13.066601,321
26,0.8079034028540066,0.8078441298596422,0.8083278637890429,0.8079236552920763,keras,True,True,Sequential,6.0,900226.0,1.0,,,,,1.0,,,,3.0,,,,1.0,,,1.0,,,str,RMSprop,3603744.0,,emmayang,2023-04-16 22:51:23.711043,230
27,0.8068057080131723,0.8062901105698601,0.8102366194986941,0.80686331212647,keras,,True,Sequential,5.0,816706.0,1.0,,,,,1.0,2.0,,,,,,,1.0,,,1.0,2.0,,str,RMSprop,3268128.0,,sdp2158,2023-04-16 00:04:12.996416,194
28,0.8057080131723381,0.8049172652339767,0.8109067029962069,0.8057788702525545,keras,,True,Sequential,5.0,495682.0,1.0,,,,,1.0,2.0,,,,,,,1.0,,,1.0,2.0,,str,RMSprop,1984032.0,,sdp2158,2023-04-15 23:37:54.895466,193
29,0.8057080131723381,0.8049710626099893,0.810554217575188,0.8057764603817236,keras,,True,Sequential,4.0,327266.0,1.0,1.0,,,,,,,,,1.0,,,1.0,,,1.0,,1.0,str,RMSprop,1309824.0,,mymstella,2023-04-13 02:48:13.017704,71
30,0.8046103183315039,0.8036105297833585,0.8111225946158768,0.804689608636977,keras,,True,Sequential,4.0,772482.0,1.0,,,,,1.0,1.0,,,,,,,1.0,,,1.0,1.0,,str,RMSprop,3090800.0,,oliverhegi,2023-04-17 03:25:05.153623,266
31,0.8035126234906695,0.8021355465361071,0.8124169262205646,0.8036051667630615,keras,,True,Sequential,6.0,235682.0,1.0,,,,,1.0,3.0,,,,,,,1.0,,,1.0,3.0,,str,RMSprop,944400.0,,amsay99,2023-04-13 16:12:06.790350,86
32,0.8046103183315039,0.8039960353913842,0.8086174741734529,0.8046727395411606,keras,,True,Sequential,3.0,1007522.0,1.0,,,,,,1.0,,,,,,,1.0,,,1.0,1.0,,str,RMSprop,4030960.0,,sofiazaidman,2023-04-15 15:54:22.876029,157
33,0.8046103183315039,0.8039960353913842,0.8086174741734529,0.8046727395411606,keras,,True,Sequential,3.0,1080602.0,1.0,,,,,,1.0,,,,,,,1.0,,,1.0,1.0,,str,RMSprop,4323280.0,,sofiazaidman,2023-04-15 15:56:36.855707,158
34,0.8057080131723381,0.8056930290399429,0.8058247512149965,0.8057186234817814,keras,,True,Sequential,4.0,3042690.0,1.0,,,,,,1.0,,,,1.0,,,1.0,,,1.0,1.0,,str,RMSprop,12171632.0,,eminilkay,2023-04-14 21:57:40.787977,140
35,0.8002195389681669,0.7979286104286105,0.8147585036418923,0.8003373819163293,keras,,True,Sequential,6.0,900226.0,1.0,,,,,1.0,,,,3.0,,,,1.0,,,1.0,,,str,RMSprop,3603744.0,,emmayang,2023-04-16 23:11:40.252105,233
36,0.8024149286498353,0.8012749042609918,0.8097088576363187,0.8024990360516676,keras,,True,Sequential,4.0,174658.0,1.0,,,,,,2.0,,,,,,,1.0,,,1.0,2.0,,str,RMSprop,699936.0,,eminilkay,2023-04-14 17:12:57.135369,134
37,0.8024149286498353,0.8012749042609918,0.8097088576363187,0.8024990360516676,keras,,True,Sequential,4.0,174658.0,1.0,,,,,,2.0,,,,,,,1.0,,,1.0,2.0,,str,RMSprop,699936.0,,eminilkay,2023-04-14 14:35:34.827160,122
38,0.8035126234906695,0.8027673458033225,0.8083245222431077,0.8035810680547523,keras,,True,Sequential,5.0,174658.0,1.0,,,,,1.0,2.0,,,,,,,1.0,,,1.0,2.0,,str,RMSprop,699936.0,,MandyMaaa,2023-04-18 04:31:22.711081,382
39,0.8046103183315039,0.8044385377572384,0.8057579187709216,0.8046438210911895,keras,,True,Sequential,5.0,1084738.0,1.0,,,,1.0,,,,,1.0,1.0,,,1.0,,,1.0,,,str,Adam,4340256.0,,eminilkay,2023-04-14 15:08:08.310609,128
40,0.8002195389681669,0.7992595211344002,0.806247788132594,0.8002964141122035,keras,,True,Sequential,7.0,191298.0,1.0,,,,,1.0,4.0,,,,,,,1.0,,,1.0,4.0,,str,RMSprop,767232.0,3.0,tzak,2023-04-17 03:55:17.952037,272
41,0.8002195389681669,0.7992595211344002,0.806247788132594,0.8002964141122035,keras,,True,Sequential,6.0,817730.0,1.0,,,,,1.0,3.0,,,,,,,1.0,,,1.0,3.0,,str,RMSprop,3272592.0,,emmayang,2023-04-16 20:26:52.662439,211
42,0.8024149286498353,0.8023613468065411,0.8027842115421733,0.8024339695392326,keras,,True,Sequential,7.0,220578.0,1.0,1.0,1.0,,,1.0,2.0,,,,,,,1.0,,,1.0,2.0,1.0,str,RMSprop,883872.0,,mcmurrym,2023-04-18 14:43:42.446779,398
43,0.8013172338090011,0.8008093693563098,0.8045470928023846,0.8013736263736264,keras,,True,Sequential,6.0,366082.0,1.0,,,,2.0,,2.0,,,,,,,1.0,,,1.0,2.0,,str,RMSprop,1465632.0,,sairachawla,2023-04-18 03:29:25.484821,366
44,0.7991218441273326,0.7981870939391849,0.8049382534115359,0.7991975130133024,keras,,True,Sequential,10.0,242402.0,1.0,2.0,1.0,,1.0,1.0,2.0,,,,,,,2.0,,,1.0,2.0,3.0,str,RMSprop,971664.0,,mcmurrym,2023-04-18 16:37:25.456189,411
45,0.8013172338090011,0.8013134033413463,0.8013520678685048,0.801323019086177,keras,,True,Sequential,3.0,1042370.0,1.0,,,,,,1.0,,,,,,,1.0,,,1.0,1.0,,str,Adam,4170352.0,,tinaz0407,2023-04-15 20:56:47.191465,182
46,0.8013172338090011,0.8012703004007351,0.8015658617063358,0.8013013302486987,keras,,True,Sequential,4.0,640130.0,1.0,,,,1.0,,,,,,,,1.0,1.0,,,1.0,,,str,RMSprop,3111632.0,,chachagsedaro,2023-03-29 02:35:42.831584,25
47,0.7980241492864983,0.7963335568969372,0.8084914317633212,0.7981251204935416,keras,,True,Sequential,5.0,193702.0,1.0,,,,,1.0,2.0,,,,,,,1.0,,,1.0,2.0,,str,RMSprop,776112.0,,amsay99,2023-04-11 21:52:00.600192,43
48,0.7980241492864983,0.7966458650775934,0.8065368222816929,0.7981154810102178,keras,True,True,Sequential,4.0,1019586.0,1.0,,,,,1.0,1.0,,,,,,,1.0,,,1.0,1.0,,str,RMSprop,4079216.0,,lah2228,2023-04-17 21:02:34.866888,301
49,0.7980241492864983,0.7969257310111554,0.8047988409453786,0.7981058415268942,keras,,True,Sequential,4.0,162658.0,1.0,1.0,,,,,,,,,1.0,,,1.0,,,1.0,,1.0,str,RMSprop,651392.0,,halfbaked_em,2023-04-17 22:10:51.169994,309
50,0.7969264544456641,0.7952677184197707,0.8071000727548163,0.7970262193946405,keras,,True,Sequential,3.0,111138.0,1.0,,,,,,,,,1.0,,,,1.0,,,1.0,,,str,RMSprop,445856.0,,1jiahe,2023-04-16 20:37:18.403535,215
51,0.7958287596048299,0.7935840837328967,0.8095508166969148,0.7959441873915558,keras,,True,Sequential,5.0,164258.0,1.0,,,,,1.0,2.0,,,,,,,1.0,,,1.0,2.0,,str,RMSprop,658336.0,,moonliang,2023-04-17 20:53:49.835601,298
52,0.7980241492864983,0.797285269247886,0.8025831702544031,0.7980913823019086,keras,,True,Sequential,4.0,1019586.0,1.0,,,,,1.0,1.0,,,,,,,1.0,,,1.0,1.0,,str,RMSprop,4079216.0,,lah2228,2023-04-17 21:01:07.579187,299
53,0.7980241492864983,0.7974381283836041,0.8016461005706482,0.7980841526894158,keras,,True,Sequential,3.0,328386.0,1.0,,,,,,1.0,,,,,,,1.0,,1.0,,1.0,,str,RMSprop,1314416.0,7.0,adrianwang,2023-04-13 19:15:55.559348,89
54,0.7991218441273326,0.7991218441273327,0.7991228070175439,0.7991228070175439,keras,,True,Sequential,4.0,174658.0,1.0,,,,,,2.0,,,,,,,1.0,,,1.0,2.0,,str,RMSprop,699936.0,,eminilkay,2023-04-14 21:56:43.084559,138
55,0.7991218441273326,0.7991179713340684,0.7991352883336226,0.799117987275882,keras,True,True,Sequential,6.0,1249090.0,1.0,,,,2.0,,2.0,,,,,,,1.0,,,1.0,2.0,,str,RMSprop,4997664.0,,sairachawla,2023-04-18 17:21:23.335573,420
56,0.7958287596048299,0.7938613138686131,0.8078207249210407,0.795936957779063,keras,,True,Sequential,5.0,174658.0,1.0,,,,,1.0,2.0,,,,,,,1.0,,,1.0,2.0,,str,RMSprop,699936.0,,halfbaked_em,2023-04-17 22:11:57.860520,310
57,0.7980241492864983,0.7976142181010335,0.8005691151741365,0.7980745132060921,keras,True,True,Sequential,7.0,1108674.0,1.0,,,,,1.0,,,,4.0,,,,1.0,,,1.0,,,str,RMSprop,4438336.0,,hal2148,2023-04-17 07:32:05.436685,288
58,0.7980241492864983,0.7977900019301294,0.799494401611716,0.7980624638519376,keras,,True,Sequential,6.0,1008610.0,1.0,2.0,1.0,,,,,,,,1.0,,,1.0,,,,,2.0,str,RMSprop,4035456.0,7.0,adrianwang,2023-04-13 15:30:40.518836,81
59,0.7980241492864983,0.7976904286031534,0.799905892853678,0.7979805282436861,keras,,True,Sequential,3.0,1501106.0,1.0,,,,,,1.0,,,,,,,1.0,,,1.0,1.0,,str,RMSprop,6005296.0,,xilin0323,2023-04-17 03:47:20.195663,270
60,0.7980241492864983,0.797846578355797,0.7991476558116135,0.7980576441102758,keras,,True,Sequential,4.0,1117506.0,1.0,,,,,1.0,1.0,,,,,,,1.0,,,1.0,1.0,,function,RMSprop,4470896.0,,jer2240,2023-04-18 01:50:35.620872,392
61,0.7958287596048299,0.7945810299679954,0.8033903581593929,0.7959152689415847,keras,,True,Sequential,4.0,206850.0,1.0,,,,,1.0,1.0,,,,,,,1.0,,,1.0,1.0,,str,RMSprop,828272.0,,jer2240,2023-04-11 21:59:20.202453,51
62,0.7947310647639956,0.7929709004514714,0.8053409204352601,0.7948332369385,keras,,True,Sequential,5.0,279810.0,1.0,,,,,1.0,2.0,,,,,,,1.0,,,1.0,2.0,,str,RMSprop,1120544.0,,moonliang,2023-04-18 04:44:21.184334,384
63,0.7969264544456641,0.7966088399456932,0.7988896326910764,0.7969707923655291,keras,,True,Sequential,10.0,1028930.0,1.0,6.0,1.0,,,,,,,,,,1.0,1.0,,,1.0,,6.0,str,RMSprop,4117824.0,,arushisaranath,2023-04-18 18:08:35.159360,431
64,0.7969264544456641,0.7966088399456932,0.7988896326910764,0.7969707923655291,keras,,True,Sequential,10.0,1028930.0,1.0,6.0,1.0,,,,,,,,,,1.0,1.0,,,1.0,,6.0,str,RMSprop,4117824.0,,arushisaranath,2023-04-18 18:08:48.353503,432
65,0.7936333699231614,0.7915534784090356,0.8060951845229725,0.7937439753229227,keras,,True,Sequential,5.0,361602.0,1.0,,,,,1.0,,,,2.0,,,,1.0,,,1.0,,,str,RMSprop,1448448.0,,ran_liao,2023-04-17 00:37:28.907667,244
66,0.7958287596048299,0.7950818482614501,0.8003546966731898,0.7958959899749374,keras,,True,Sequential,4.0,174658.0,1.0,,,,,,2.0,,,,,,,1.0,,,1.0,2.0,,str,RMSprop,699936.0,,eminilkay,2023-04-14 16:37:05.220184,129
67,0.7969264544456641,0.796807955275687,0.7976799018234174,0.7969539232697127,keras,,True,Sequential,5.0,279810.0,1.0,,,,,1.0,2.0,,,,,,,1.0,,1.0,,2.0,,str,RMSprop,1120544.0,,vincent,2023-04-15 02:57:57.258050,144
68,0.7958287596048299,0.7951868684426824,0.7997222059484055,0.7958911702332755,keras,True,True,Sequential,6.0,246914.0,1.0,,,,,1.0,3.0,,,,,,,1.0,,,1.0,3.0,,str,RMSprop,989328.0,,mcmurrym,2023-04-18 14:25:25.224972,397
69,0.7936333699231614,0.7919889234356781,0.8034460610043916,0.7937319259687681,keras,,True,Sequential,5.0,1009698.0,1.0,1.0,,,,1.0,,,,,1.0,,,1.0,,,1.0,,1.0,str,RMSprop,4039552.0,,lah2228,2023-04-17 21:01:59.017026,300
70,0.7947310647639956,0.7939524785766553,0.799405740914787,0.7947994987468672,keras,,True,Sequential,6.0,315162.0,1.0,,,,,1.0,3.0,,,,,,,1.0,,,1.0,3.0,,str,RMSprop,1262320.0,,amsay99,2023-04-13 16:23:20.780778,87
71,0.7947310647639956,0.7939524785766553,0.799405740914787,0.7947994987468672,keras,,True,Sequential,5.0,1025410.0,1.0,,,,,1.0,2.0,,,,,,,1.0,,,1.0,2.0,,str,RMSprop,4102944.0,,ran_liao,2023-04-17 01:50:57.506948,260
72,0.7925356750823271,0.7905815900955633,0.8041227560506492,0.7926426643531906,keras,,True,Sequential,5.0,174658.0,1.0,,,,,1.0,2.0,,,,,,,1.0,,,1.0,2.0,,str,RMSprop,699936.0,7.0,lprockop,2023-04-12 14:37:13.118947,55
73,0.7936333699231614,0.7925110729896587,0.8003094754686484,0.7937150568729516,keras,,True,Sequential,5.0,174658.0,1.0,,,,,1.0,2.0,,,,,,,1.0,,,1.0,2.0,,str,RMSprop,699936.0,7.0,lprockop,2023-04-17 01:21:19.035209,252
74,0.7958287596048299,0.7958226090980075,0.79587852494577,0.7958357432041643,keras,,True,Sequential,4.0,1017090.0,1.0,,,,,,1.0,,,,1.0,,,1.0,,,1.0,1.0,,str,RMSprop,4069232.0,,eminilkay,2023-04-14 17:19:03.115969,136
75,0.7958287596048299,0.7958088306179505,0.7959215652240994,0.7958188741083478,keras,,True,Sequential,5.0,1007482.0,1.0,2.0,,,,1.0,,,,,,,,1.0,,,1.0,,2.0,str,RMSprop,4030944.0,,sofiazaidman,2023-04-15 14:45:30.366476,151
76,0.7958287596048299,0.7958088306179505,0.7959215652240994,0.7958188741083478,keras,,True,Sequential,5.0,1007482.0,1.0,2.0,,,,1.0,,,,,,,,1.0,,,1.0,,2.0,str,RMSprop,4030944.0,,sofiazaidman,2023-04-15 14:46:16.969589,152
77,0.7925356750823271,0.7909233644315081,0.8020671641791044,0.792633024869867,keras,,True,Functional,9.0,1477250.0,1.0,3.0,,,1.0,,,1.0,1.0,,1.0,,,1.0,,,1.0,,3.0,str,Adam,5910336.0,,eminilkay,2023-04-14 21:58:18.755087,142
78,0.7892425905598244,0.7862944608978681,0.8064402523427452,0.7893724696356275,keras,,True,Sequential,5.0,113890.0,1.0,,,,,1.0,2.0,,,,,,,1.0,,,1.0,2.0,,str,RMSprop,456864.0,9.0,realdfy,2023-04-15 21:12:57.710738,183
79,0.7936333699231614,0.792932516998907,0.7978061558611658,0.7936981877771352,keras,,True,Sequential,8.0,152738.0,1.0,4.0,1.0,,,,,,,,1.0,,,1.0,,,1.0,,4.0,str,RMSprop,612544.0,,jer2240,2023-04-18 00:54:12.859599,386
80,0.7892425905598244,0.7865135625988635,0.8051207513416816,0.7893676498939657,keras,,True,Sequential,4.0,180866.0,1.0,,,,,1.0,1.0,,,,,,,1.0,,,1.0,1.0,,str,RMSprop,724336.0,,mcmurrym,2023-04-17 17:35:15.328069,290
81,0.7925356750823271,0.7916318234681194,0.7978633107644,0.7926089261615576,keras,,True,Sequential,4.0,174658.0,1.0,,,,,,2.0,,,,,,,1.0,,,1.0,2.0,,str,RMSprop,699936.0,,eminilkay,2023-04-14 14:36:04.954877,123
82,0.7936333699231614,0.7933622253967028,0.7952708399965109,0.7936740890688259,keras,,True,Sequential,3.0,1034178.0,1.0,,,,,,,,,1.0,,,,1.0,,,1.0,,,str,RMSprop,4138016.0,,sofiazaidman,2023-04-15 16:09:55.067814,159
83,0.7936333699231614,0.7935774066646097,0.7939924724956573,0.7936524002313476,keras,,True,Sequential,3.0,328386.0,1.0,,,,,,1.0,,,,,,,1.0,,1.0,,1.0,,str,RMSprop,1314416.0,,Chen,2023-04-16 21:26:43.336125,218
84,0.7881448957189902,0.7854553352767545,0.8036441357742646,0.7882687487950646,keras,,True,Sequential,4.0,170626.0,1.0,1.0,,,,,,,,,1.0,,,1.0,,,1.0,,1.0,str,RMSprop,683264.0,,sairachawla,2023-04-18 17:08:06.076471,417
85,0.7881448957189902,0.7854553352767545,0.8036441357742646,0.7882687487950646,keras,,True,Sequential,4.0,170626.0,1.0,1.0,,,,,,,,,1.0,,,1.0,,,1.0,,1.0,str,RMSprop,683264.0,,sairachawla,2023-04-18 17:21:41.981552,421
86,0.7925356750823271,0.7920505806264606,0.7954087591240876,0.7925896471949103,keras,True,True,Sequential,6.0,1254338.0,1.0,,,,,1.0,3.0,,,,,,,1.0,,,1.0,3.0,,str,RMSprop,5019024.0,,emmayang,2023-04-16 22:19:59.875728,225
87,0.7903402854006586,0.7888708904379691,0.7988622611938818,0.7904328128012339,keras,,True,Sequential,5.0,215810.0,1.0,2.0,,,,,,,,,1.0,,,1.0,,,1.0,,2.0,str,RMSprop,864256.0,,xilin0323,2023-04-17 02:22:43.534084,262
88,0.7925356750823271,0.7920937696596178,0.7951564125752404,0.7925872373240794,keras,,True,Sequential,6.0,1254338.0,1.0,,,,,1.0,3.0,,,,,,,1.0,,,1.0,3.0,,str,RMSprop,5019024.0,,emmayang,2023-04-16 20:12:13.602036,210
89,0.7925356750823271,0.7920937696596178,0.7951564125752404,0.7925872373240794,keras,,True,Sequential,5.0,287402.0,1.0,,,,,1.0,2.0,,,,,,,1.0,,,1.0,2.0,,str,RMSprop,1150912.0,,amsay99,2023-04-12 21:20:05.674040,60
90,0.7914379802414928,0.7906182863336365,0.7962277273306102,0.7915076151918257,keras,,True,Sequential,7.0,353346.0,1.0,,,,,1.0,4.0,,,,,,,1.0,,,1.0,4.0,,str,RMSprop,1415424.0,,ran_liao,2023-04-17 00:19:16.540720,239
91,0.7925356750823271,0.7923395048104234,0.7937198792265856,0.792570368228263,keras,,True,Sequential,4.0,406482.0,1.0,,,,,1.0,1.0,,,,,,,1.0,,2.0,,,,str,RMSprop,1626800.0,7.0,adrianwang,2023-04-13 19:20:44.811852,90
92,0.7903402854006586,0.7890950654589399,0.7975532072490248,0.7904255831887411,keras,,True,Sequential,3.0,161282.0,1.0,,,,,1.0,,,,,,,,1.0,,,1.0,,,str,RMSprop,645600.0,,cj2733,2023-04-17 20:43:29.677732,295
93,0.7914379802414928,0.7907822849683315,0.7952745718358818,0.791500385579333,keras,,True,Sequential,6.0,107378.0,1.0,,,3.0,,,1.0,,,,,,,1.0,,,1.0,4.0,,str,RMSprop,431552.0,9.0,realdfy,2023-04-15 21:32:29.780258,185
94,0.7914379802414928,0.791014681734763,0.793927818116428,0.7914883362251783,keras,,True,Sequential,4.0,1017090.0,1.0,,,,,,1.0,,,,1.0,,,1.0,,,1.0,1.0,,str,RMSprop,4069232.0,,eminilkay,2023-04-14 14:41:04.444258,124
95,0.7892425905598244,0.7878805518365446,0.7970659844218569,0.7893315018315019,keras,,True,Sequential,10.0,1028930.0,1.0,6.0,1.0,,,,,,,,,,1.0,1.0,,,1.0,,6.0,str,RMSprop,4117824.0,,arushisaranath,2023-04-18 17:36:08.491325,425
96,0.7892425905598244,0.7878805518365446,0.7970659844218569,0.7893315018315019,keras,,True,Sequential,10.0,1028930.0,1.0,6.0,1.0,,,,,,,,,,1.0,1.0,,,1.0,,6.0,str,RMSprop,4117824.0,,arushisaranath,2023-04-18 17:36:29.463696,426
97,0.7914379802414928,0.791014681734763,0.793927818116428,0.7914883362251783,keras,,True,Sequential,4.0,1017090.0,1.0,,,,,,1.0,,,,1.0,,,1.0,,,1.0,1.0,,str,RMSprop,4069232.0,,eminilkay,2023-04-14 14:52:58.097165,125
98,0.7881448957189902,0.7864144305676526,0.7980206703409509,0.7882446500867553,keras,,True,Sequential,4.0,82952.0,1.0,1.0,,,,,,,,,1.0,,,1.0,,,1.0,,1.0,str,RMSprop,332568.0,,amsay99,2023-04-12 21:37:14.310550,61
99,0.7837541163556532,0.7803139823117178,0.8030405926840563,0.7838924233661075,keras,,True,Sequential,4.0,1232002.0,1.0,,,,,1.0,1.0,,,,,,,1.0,,,1.0,1.0,,str,RMSprop,4928880.0,,oliverhegi,2023-04-17 02:51:57.895729,263
100,0.7881448957189902,0.7872219149700903,0.7933936806986557,0.7882181415076152,keras,,True,Sequential,5.0,174658.0,1.0,,,,,1.0,2.0,,,,,,,1.0,,,1.0,2.0,,str,RMSprop,699936.0,,MandyMaaa,2023-04-17 21:19:35.194973,302
101,0.7859495060373216,0.7841140405777376,0.7962463811520415,0.7860516676306151,keras,,True,Sequential,6.0,323906.0,1.0,2.0,1.0,,,,,,,,1.0,,,1.0,,,1.0,,2.0,str,RMSprop,1296640.0,,oliverhegi,2023-04-17 03:37:04.478795,268
102,0.7826564215148188,0.7792601621240601,0.8015138901735885,0.7827935222672064,keras,,True,Sequential,5.0,255682.0,1.0,,,,,1.0,2.0,,,,,,,1.0,,,1.0,2.0,,str,RMSprop,1024032.0,,sdp2158,2023-04-15 22:09:16.066642,190
103,0.7859495060373216,0.7842860109213973,0.7952686567164179,0.7860468478889531,keras,,True,Sequential,10.0,1028930.0,1.0,6.0,1.0,,,,,,,,,,1.0,1.0,,,1.0,,6.0,str,RMSprop,4117824.0,,arushisaranath,2023-04-18 18:04:36.339181,430
104,0.7870472008781558,0.7861502347417839,0.792103069530254,0.7871192404087141,keras,,True,Sequential,6.0,963856.0,1.0,1.0,1.0,,,1.0,,,,,,,,2.0,,,1.0,,2.0,str,Adam,3856424.0,,francesyang,2023-04-12 19:13:22.570423,65
105,0.7859495060373216,0.7842860109213973,0.7952686567164179,0.7860468478889531,keras,,True,Sequential,10.0,1028930.0,1.0,6.0,1.0,,,,,,,,,,1.0,1.0,,,1.0,,6.0,str,RMSprop,4117824.0,,arushisaranath,2023-04-18 18:04:17.009383,429
106,0.7881448957189902,0.7878135465379394,0.7900513223509323,0.7881892230576442,keras,,True,Sequential,4.0,1017090.0,1.0,,,,,,1.0,,,,1.0,,,1.0,,,1.0,1.0,,str,RMSprop,4069232.0,,eminilkay,2023-04-14 16:42:20.388055,131
107,0.7870472008781558,0.7862681643157059,0.7914408023483366,0.7871144206670522,keras,,True,Sequential,4.0,162658.0,1.0,1.0,,,,,,,,,1.0,,,1.0,,,1.0,,1.0,str,Adam,651392.0,,mcmurrym,2023-04-18 05:12:37.774319,388
108,0.7859495060373216,0.7846040616584438,0.7934715958541023,0.7860372084056295,keras,,True,Sequential,5.0,174658.0,1.0,,,,,1.0,2.0,,,,,,,1.0,,,1.0,2.0,,str,RMSprop,699936.0,,mymstella,2023-04-13 02:47:03.273714,70
109,0.7804610318331504,0.776649995096597,0.8013457556935818,0.780605359552728,keras,,True,Sequential,4.0,1017090.0,1.0,,,,,1.0,1.0,,,,,,,1.0,,,1.0,1.0,,str,RMSprop,4069232.0,,jer2240,2023-04-18 02:23:42.259191,394
110,0.7859495060373216,0.7850169607210757,0.7911588656657835,0.786022749180644,keras,,True,Sequential,5.0,377986.0,1.0,,,,,1.0,2.0,,,,,,,1.0,,,1.0,2.0,,str,Adam,1513248.0,,cj2733,2023-04-18 03:31:37.023239,368
111,0.7859495060373216,0.785576425175352,0.788053767512306,0.7859962406015037,keras,True,True,Sequential,7.0,1042050.0,1.0,,,,,1.0,4.0,,,,,,,1.0,,,1.0,4.0,,str,RMSprop,4170240.0,,hal2148,2023-04-17 06:38:53.264044,287
112,0.7859495060373216,0.785576425175352,0.788053767512306,0.7859962406015037,keras,,True,Sequential,3.0,344962.0,1.0,,,,,,1.0,,,,,,,1.0,,,1.0,1.0,,str,Adam,1380720.0,,tinaz0407,2023-04-18 01:37:42.753507,350
113,0.7848518111964874,0.7837509204356083,0.7909468969929623,0.7849310776942355,keras,,True,Sequential,5.0,219906.0,1.0,2.0,,,,,,,,,1.0,,,1.0,,,,,2.0,str,RMSprop,880640.0,,sairachawla,2023-04-18 03:31:43.080817,369
114,0.7859495060373216,0.785650938444553,0.7876411847399292,0.785991420859842,keras,,True,Sequential,4.0,1400690.0,1.0,,,,,1.0,1.0,,,,,,,1.0,,,1.0,1.0,,str,RMSprop,5603632.0,,xilin0323,2023-04-17 04:21:28.240287,277
115,0.7804610318331504,0.7772725050119799,0.7978029566729756,0.7805933101985734,keras,,True,Sequential,5.0,1707778.0,1.0,,,,1.0,,,,,2.0,,,,1.0,,,1.0,,,str,Adam,6833152.0,,eminilkay,2023-04-14 21:58:04.150868,141
116,0.7848518111964874,0.7838179458370462,0.7905754787464119,0.7849286678234046,keras,,True,Sequential,5.0,103874.0,1.0,,,,,1.0,2.0,,,,,,,1.0,,,1.0,2.0,,str,RMSprop,416800.0,,realdfy,2023-04-15 19:20:15.553748,167
117,0.7793633369923162,0.775467461904721,0.8005415630182422,0.7795088683246578,keras,True,True,Sequential,6.0,1254338.0,1.0,,,,,1.0,3.0,,,,,,,1.0,,,1.0,3.0,,str,RMSprop,5019024.0,,emmayang,2023-04-16 21:00:59.065630,217
118,0.7848518111964874,0.7840062322178566,0.7895349065013175,0.7849214382109119,keras,,True,Sequential,5.0,1025410.0,1.0,,,,,1.0,2.0,,,,,,,1.0,,,1.0,2.0,,str,RMSprop,4102944.0,,ran_liao,2023-04-17 00:57:19.605870,249
119,0.7859495060373216,0.7859402206329793,0.7859845745962882,0.7859432234432234,keras,,True,Sequential,6.0,1057826.0,1.0,,,,,1.0,3.0,,,,,,,1.0,,,1.0,3.0,,str,RMSprop,4232976.0,,jer2240,2023-04-18 03:05:23.562487,396
120,0.7837541163556532,0.7826131194999788,0.7900156605501876,0.7838345864661653,keras,,True,Sequential,5.0,495682.0,1.0,,,,,1.0,2.0,,,,,,,1.0,,,1.0,2.0,,BinaryCrossentropy,Adam,1984032.0,,sdp2158,2023-04-15 23:30:22.230309,192
121,0.7848518111964874,0.7844963261207505,0.7868411347380067,0.7848973395026027,keras,,True,Sequential,4.0,326338.0,1.0,1.0,,,,,,,,,1.0,,,1.0,,,1.0,,1.0,str,Adam,1306112.0,,tinaz0407,2023-04-15 20:56:17.977423,181
122,0.7804610318331504,0.7781490176214458,0.7929157986897322,0.780574031231926,keras,,True,Sequential,4.0,327266.0,1.0,1.0,,,,,,,,,1.0,,,1.0,,,1.0,,1.0,str,RMSprop,1309824.0,,mymstella,2023-04-13 03:04:30.266624,73
123,0.7826564215148188,0.7814744279359171,0.789086061776823,0.7827380952380952,keras,True,True,Sequential,4.0,1017090.0,1.0,,,,,1.0,1.0,,,,,,,1.0,,,1.0,1.0,,str,RMSprop,4069232.0,,hal2148,2023-04-17 06:10:43.821878,284
124,0.7826564215148188,0.7814744279359171,0.789086061776823,0.7827380952380952,keras,,True,Sequential,6.0,169346.0,1.0,2.0,1.0,,,,,,,,1.0,,,1.0,,,1.0,,2.0,str,RMSprop,678400.0,,hal2148,2023-04-17 05:52:18.090826,283
125,0.7837541163556532,0.7832935059415063,0.7862977333061059,0.7838056680161943,keras,,True,Sequential,4.0,175762.0,1.0,,,,,,,,,2.0,,,,1.0,,,1.0,,,str,Adam,705088.0,,amsay99,2023-04-13 21:00:49.527832,95
126,0.7782656421514819,0.7749241682974559,0.7961450514745088,0.778400327742433,keras,True,True,Sequential,6.0,1341442.0,1.0,,,,,1.0,,,,3.0,,,,1.0,,,1.0,,,str,RMSprop,5368608.0,,emmayang,2023-04-16 21:27:52.618507,219
127,0.7782656421514819,0.7750452300620997,0.7954729142155609,0.7783979178716021,keras,,True,Sequential,4.0,413802.0,1.0,,,,,,,,,2.0,,,,1.0,,,1.0,,,str,RMSprop,1657248.0,,amsay99,2023-04-13 20:49:35.527270,94
128,0.7837541163556532,0.7834524865311638,0.785433128120607,0.7837960285328707,keras,,True,Sequential,3.0,344962.0,1.0,,,,,,1.0,,,,,,,1.0,,,1.0,1.0,,str,Adam,1380720.0,,tinaz0407,2023-04-18 01:14:26.203663,346
129,0.7826564215148188,0.7820258120649652,0.7860947178461688,0.7827164064006169,keras,,True,Sequential,3.0,161282.0,1.0,,,,,1.0,,,,,,,,1.0,,,1.0,,,str,RMSprop,645600.0,,sairachawla,2023-04-18 03:14:45.856958,362
130,0.7782656421514819,0.7753944773175543,0.7935462067002765,0.7783906882591094,keras,True,True,Sequential,7.0,2860642.0,1.0,,,2.0,,1.0,,,,1.0,,,,2.0,,,1.0,2.0,1.0,str,Adam,11444912.0,,sdp2158,2023-04-17 01:23:14.422092,254
131,0.7782656421514819,0.7755062704338067,0.7929332887036079,0.7783882783882783,keras,,True,Sequential,6.0,174562.0,1.0,1.0,,,,1.0,,,,,1.0,,,2.0,,,1.0,,2.0,str,RMSprop,699248.0,,ran_liao,2023-04-17 00:11:40.122913,238
132,0.7782656421514819,0.7755062704338067,0.7929332887036079,0.7783882783882783,keras,,True,Sequential,4.0,179586.0,1.0,1.0,,,,1.0,,,,,,,,1.0,,,1.0,,1.0,str,RMSprop,719104.0,,ran_liao,2023-04-16 23:59:23.055849,236
133,0.7782656421514819,0.7755062704338067,0.7929332887036079,0.7783882783882783,keras,,True,Sequential,4.0,179586.0,1.0,1.0,,,,1.0,,,,,,,,1.0,,,1.0,,1.0,str,RMSprop,719104.0,,ran_liao,2023-04-16 22:33:38.939825,229
134,0.7782656421514819,0.7755062704338067,0.7929332887036079,0.7783882783882783,keras,,True,Sequential,4.0,169794.0,1.0,1.0,,,,1.0,,,,,,,,1.0,,,1.0,,1.0,str,RMSprop,679936.0,,ran_liao,2023-04-16 22:20:37.235683,226
135,0.7782656421514819,0.7755062704338067,0.7929332887036079,0.7783882783882783,keras,,True,Sequential,6.0,167330.0,1.0,1.0,,,,1.0,,,,,1.0,,,2.0,,,1.0,,2.0,str,RMSprop,670320.0,,ran_liao,2023-04-16 22:29:49.501223,227
136,0.7782656421514819,0.7757229632229632,0.7917504318748927,0.7783834586466165,keras,,True,Sequential,4.0,161634.0,1.0,1.0,,,,,,,,,1.0,,,1.0,,,1.0,,1.0,str,RMSprop,647296.0,,eminilkay,2023-04-14 17:13:39.025805,135
137,0.7793633369923162,0.7777339449429924,0.7880120009139768,0.7794582610372085,keras,,True,Sequential,3.0,739074.0,1.0,,,,,,1.0,,,,,,,1.0,,,1.0,1.0,,str,RMSprop,2957168.0,,francesyang,2023-04-12 16:47:38.472349,58
138,0.7782656421514819,0.7759305077976603,0.7906238364077328,0.7783786389049547,keras,,True,Sequential,8.0,678498.0,1.0,,,,,1.0,4.0,,,,,,,2.0,,,1.0,4.0,1.0,str,RMSprop,2716336.0,,ran_liao,2023-04-17 00:26:21.257234,241
139,0.7815587266739846,0.781217076482124,0.7834225895958243,0.7816030460767303,keras,True,True,Sequential,7.0,2623682.0,1.0,,,2.0,,1.0,1.0,,,,,,,2.0,,,1.0,3.0,1.0,str,Adam,10496640.0,,sdp2158,2023-04-17 00:49:54.057216,248
140,0.7804610318331504,0.7794722827402567,0.7857440917436598,0.7805354732986312,keras,,True,Sequential,4.0,3603906.0,1.0,,,,,,,,,2.0,,,,1.0,,,1.0,,,str,RMSprop,14417664.0,,xilin0323,2023-04-18 01:34:11.065155,349
141,0.7771679473106476,0.7744502214237713,0.7914783666024927,0.7772893772893772,keras,,True,Sequential,4.0,1044354.0,1.0,1.0,,,,1.0,,,,,,,,1.0,,,1.0,,1.0,str,RMSprop,4178176.0,,ran_liao,2023-04-17 01:43:40.720252,257
142,0.7804610318331504,0.7799240484312039,0.7833430699576457,0.7805161943319838,keras,,True,Sequential,4.0,119330.0,1.0,,,,,1.0,1.0,,,,,,,1.0,,,1.0,1.0,,str,Adam,478192.0,,jer2240,2023-04-18 00:37:25.382011,383
143,0.7760702524698134,0.772937864703985,0.7924909658847308,0.7762001156737999,keras,,True,Sequential,3.0,161282.0,1.0,,,,,1.0,,,,,,,,1.0,,,1.0,,,str,RMSprop,645600.0,,cj2733,2023-04-17 22:20:19.638862,312
144,0.7804610318331504,0.7804396028150005,0.7805945320410821,0.7804728166570272,keras,True,True,Sequential,7.0,1108674.0,1.0,,,,,1.0,,,,4.0,,,,1.0,,,1.0,,,str,RMSprop,4438336.0,,hal2148,2023-04-17 07:42:31.410083,289
145,0.7771679473106476,0.7755223424051118,0.7857494113790123,0.7772628687102372,keras,,True,Sequential,4.0,1064386.0,1.0,1.0,,,,,,,,,1.0,,,1.0,,,1.0,,1.0,str,Adam,4258304.0,,moonliang,2023-04-18 00:41:49.301829,341
146,0.7782656421514819,0.7776738769040439,0.781382781740927,0.7783232118758434,keras,,True,Sequential,5.0,174658.0,1.0,,,,,1.0,2.0,,,,,,,1.0,,,1.0,2.0,,str,RMSprop,699936.0,3.0,shivanshc,2023-04-17 23:48:17.730695,330
147,0.7749725576289791,0.7721157706307495,0.789769208118838,0.7750963948332369,keras,,True,Sequential,3.0,164290.0,1.0,,,,,,,,,1.0,,,,1.0,,1.0,,,,str,RMSprop,658464.0,,adrianwang,2023-04-04 22:06:43.505018,38
148,0.7771679473106476,0.7756878870027716,0.7848784232159659,0.7772580489685752,keras,,True,Sequential,3.0,1007522.0,1.0,,,,,,1.0,,,,,,,1.0,,,1.0,1.0,,str,RMSprop,4030960.0,,sofiazaidman,2023-04-15 15:44:37.292202,156
149,0.7760702524698134,0.773912408759124,0.7872687622198827,0.7761784268363217,keras,,True,Sequential,5.0,174658.0,1.0,,,,,1.0,2.0,,,,,,,1.0,,,1.0,2.0,,str,RMSprop,699936.0,7.0,lprockop,2023-04-17 01:41:13.784638,256
150,0.7749725576289791,0.7722280561176016,0.7891706353227277,0.775093984962406,keras,,True,Sequential,4.0,174658.0,1.0,,,,,,2.0,,,,,,,1.0,,,1.0,2.0,,str,RMSprop,699936.0,,eminilkay,2023-04-14 03:10:44.390979,121
151,0.7749725576289791,0.7722280561176016,0.7891706353227277,0.775093984962406,keras,,True,Sequential,4.0,161634.0,1.0,1.0,,,,,,,,,1.0,,,1.0,,,1.0,,1.0,str,RMSprop,647296.0,,eminilkay,2023-04-14 21:57:26.337177,139
152,0.7749725576289791,0.7722280561176016,0.7891706353227277,0.775093984962406,keras,,True,Sequential,4.0,174658.0,1.0,,,,,,2.0,,,,,,,1.0,,,1.0,2.0,,str,RMSprop,699936.0,,eminilkay,2023-04-14 03:05:08.509534,120
153,0.7705817782656421,0.7655083655083654,0.7966048893816992,0.7707441681125892,keras,,True,Sequential,8.0,497666.0,1.0,,,,3.0,,3.0,,,,,,,1.0,,,1.0,3.0,,str,RMSprop,1992336.0,,sairachawla,2023-04-18 17:04:11.552813,416
154,0.7705817782656421,0.7655083655083654,0.7966048893816992,0.7707441681125892,keras,,True,Sequential,8.0,497666.0,1.0,,,,3.0,,3.0,,,,,,,1.0,,,1.0,3.0,,str,RMSprop,1992336.0,,sairachawla,2023-04-18 17:22:01.868472,422
155,0.7782656421514819,0.7782653749759013,0.7782653749759013,0.7782653749759013,keras,,True,Sequential,3.0,344962.0,1.0,,,,,,1.0,,,,,,,1.0,,,1.0,1.0,,str,Adam,1380720.0,,tinaz0407,2023-04-15 20:55:48.336984,180
156,0.7771679473106476,0.7765476059578282,0.7804054054054055,0.7772267206477733,keras,,True,Sequential,4.0,1017634.0,1.0,,,,,,,,,2.0,,,,1.0,,,1.0,,,str,Adam,4072576.0,,sofiazaidman,2023-04-16 14:09:29.224979,200
157,0.7771679473106476,0.7766933081529226,0.7796537238542548,0.7772194910352805,keras,,True,Sequential,11.0,2101186.0,1.0,4.0,2.0,,1.0,1.0,1.0,,,,,,,1.0,,,1.0,1.0,4.0,function,Adam,8406704.0,,jer2240,2023-04-17 19:49:58.687545,331
158,0.7771679473106476,0.7766933081529226,0.7796537238542548,0.7772194910352805,keras,,True,Sequential,11.0,2101186.0,1.0,4.0,2.0,,1.0,1.0,1.0,,,,,,,1.0,,,1.0,1.0,4.0,function,Adam,8406704.0,,jer2240,2023-04-17 19:55:09.045696,332
159,0.7738748627881449,0.7710608500463573,0.7883130978101005,0.7739974937343358,keras,,True,Sequential,3.0,161282.0,1.0,,,,,1.0,,,,,,,,1.0,,,1.0,,,str,RMSprop,645600.0,,sairachawla,2023-04-18 02:43:13.329735,354
160,0.7738748627881449,0.7711725113398039,0.7877239599149712,0.7739950838635049,keras,,True,Sequential,4.0,161634.0,1.0,1.0,,,,,,,,,1.0,,,1.0,,,1.0,,1.0,str,RMSprop,647296.0,,1jiahe,2023-04-16 19:52:21.892017,208
161,0.7760702524698134,0.7749244273921636,0.7819799202716669,0.7761495083863506,keras,,True,Sequential,3.0,161282.0,1.0,,,,,1.0,,,,,,,,1.0,,,1.0,,,str,RMSprop,645600.0,,ran_liao,2023-04-16 21:38:03.660342,220
162,0.7738748627881449,0.7713888239192297,0.7865875176446864,0.773990264121843,keras,,True,Sequential,7.0,178146.0,1.0,2.0,1.0,,1.0,,,,,,1.0,,,1.0,,,1.0,,2.0,str,RMSprop,713600.0,,cj2733,2023-04-18 03:33:11.558749,370
163,0.7716794731064764,0.7679822112511878,0.79049654888225,0.771818970503181,keras,,True,Sequential,6.0,817762.0,1.0,,,,,1.0,2.0,,,,,,,2.0,,1.0,,2.0,1.0,BinaryCrossentropy,Adam,3272592.0,,sdp2158,2023-04-16 00:31:44.254434,196
164,0.7760702524698134,0.7757392336876249,0.7778004073319755,0.7761133603238866,keras,True,True,Sequential,8.0,1019010.0,1.0,4.0,1.0,,,,,,,,1.0,,,1.0,,,1.0,,4.0,str,RMSprop,4077632.0,3.0,tzak,2023-04-17 04:01:46.045112,274
165,0.7738748627881449,0.7719821343520057,0.783502403894109,0.7739758048968575,keras,,True,Sequential,7.0,206530.0,1.0,2.0,1.0,,,1.0,,,,,1.0,,,1.0,,1.0,,,2.0,str,RMSprop,827136.0,,vincent,2023-04-15 03:04:04.426440,145
166,0.7738748627881449,0.7719821343520057,0.783502403894109,0.7739758048968575,keras,,True,Sequential,6.0,817762.0,1.0,,,,,1.0,2.0,,,,,,,2.0,,1.0,,2.0,1.0,BinaryCrossentropy,Adam,3272592.0,,sdp2158,2023-04-16 01:18:56.208850,197
167,0.7749725576289791,0.7738564465837193,0.780678241196144,0.7750506072874495,keras,,True,Sequential,3.0,161282.0,1.0,,,,,1.0,,,,,,,,1.0,,,1.0,,,str,RMSprop,645600.0,,adrianwang,2023-04-04 21:03:53.811355,31
168,0.7727771679473107,0.7701169182157629,0.7862831052998817,0.7728961827646038,keras,,True,Sequential,4.0,579010.0,1.0,,,,,1.0,1.0,,,,,,,1.0,,,1.0,1.0,,str,RMSprop,2316912.0,,lah2228,2023-04-17 23:40:11.093446,328
169,0.7749725576289791,0.7740567196212723,0.7796557841398034,0.7750433776749566,keras,,True,Sequential,3.0,161282.0,1.0,,,,,1.0,,,,,,,,1.0,,,1.0,,,str,RMSprop,645600.0,,lprockop,2023-04-11 21:52:49.708015,44
170,0.7727771679473107,0.7702255987230491,0.7857171692705179,0.7728937728937728,keras,,True,Sequential,3.0,161282.0,1.0,,,,,1.0,,,,,,,,1.0,,,1.0,,,str,RMSprop,645600.0,,adrianwang,2023-04-03 02:17:49.016104,29
171,0.7738748627881449,0.7727882491960791,0.7790533172212561,0.7737998843262002,keras,,True,Sequential,4.0,580866.0,1.0,,,,,1.0,1.0,,,,,,,1.0,,,1.0,1.0,,str,RMSprop,2324336.0,,cj2733,2023-04-18 02:43:42.800959,355
172,0.7727771679473107,0.7710113039011756,0.7816716417910448,0.7728744939271255,keras,,True,Sequential,4.0,119330.0,1.0,,,,,1.0,1.0,,,,,,,1.0,,,1.0,1.0,,str,Adam,478192.0,,jer2240,2023-04-17 04:58:18.073305,280
173,0.7683863885839737,0.7641567192655057,0.7894702661138647,0.7685343165606324,keras,,True,Sequential,7.0,178146.0,1.0,2.0,1.0,,1.0,,,,,,1.0,,,1.0,,,1.0,,2.0,str,RMSprop,713600.0,,cj2733,2023-04-17 22:39:58.276978,320
174,0.7727771679473107,0.7711846823071182,0.7807893744916381,0.7728696741854637,keras,,True,Sequential,6.0,235682.0,1.0,,,,,1.0,3.0,,,,,,,1.0,,,1.0,3.0,,str,Adam,944400.0,,amsay99,2023-04-13 21:54:06.075499,98
175,0.7727771679473107,0.7716501680138044,0.7784379303560889,0.7728552149604782,keras,,True,Sequential,3.0,328386.0,1.0,,,,,,1.0,,,,,,,1.0,,1.0,,1.0,,str,RMSprop,1314416.0,7.0,adrianwang,2023-04-13 19:22:16.132033,91
176,0.7672886937431395,0.7633859000872301,0.786494315189442,0.7674305957200694,keras,,True,Sequential,5.0,1054722.0,1.0,,,,,1.0,2.0,,,,,,,1.0,,,1.0,2.0,,str,RMSprop,4220192.0,,lah2228,2023-04-17 23:37:48.926213,326
177,0.7716794731064764,0.7706511740498669,0.7767994776581018,0.7717539039907462,keras,,True,Sequential,3.0,161282.0,1.0,,,,,1.0,,,,,,,,1.0,,,1.0,,,str,RMSprop,645600.0,,cj2733,2023-04-17 21:49:29.999195,304
178,0.7661909989023051,0.761777434027586,0.7871511954553967,0.7660425101214574,keras,True,True,Sequential,8.0,1266882.0,1.0,,,,,1.0,3.0,,,,,,,3.0,,,1.0,3.0,2.0,str,RMSprop,5069680.0,,emmayang,2023-04-16 22:01:59.524644,224
179,0.7705817782656421,0.7691397378800756,0.7777044267742701,0.7706694621168305,keras,,True,Sequential,6.0,290178.0,1.0,,,,,1.0,3.0,,,,,,,1.0,,1.0,,3.0,,str,Adam,1162384.0,,vincent,2023-04-15 17:39:44.704182,162
180,0.7716794731064764,0.7714787407500313,0.7727066039743813,0.7717129361866204,keras,,True,Sequential,11.0,2101186.0,1.0,4.0,2.0,,1.0,1.0,1.0,,,,,,,1.0,,,1.0,1.0,4.0,function,RMSprop,8406704.0,,jer2240,2023-04-17 20:00:22.177149,333
181,0.7705817782656421,0.7692963866341451,0.7769271357279524,0.7706646423751686,keras,,True,Sequential,4.0,166338.0,1.0,,,,,1.0,1.0,,,,,,,1.0,,,1.0,1.0,,str,RMSprop,666224.0,,hal2148,2023-04-17 05:36:39.599155,282
182,0.7694840834248079,0.767647201710066,0.7784980929903703,0.769582610372084,keras,,True,Sequential,6.0,668930.0,1.0,2.0,,,1.0,,,,,,1.0,,,1.0,,,1.0,,2.0,str,Adam,2676736.0,,eminilkay,2023-04-14 16:56:08.950196,133
183,0.7672886937431395,0.7640334672413962,0.7831914415793879,0.7674185463659148,keras,,True,Sequential,5.0,495682.0,1.0,,,,,1.0,2.0,,,,,,,1.0,,,1.0,2.0,,BinaryCrossentropy,Adam,1984032.0,,sdp2158,2023-04-16 02:05:00.069522,198
184,0.7705817782656421,0.7697115937033208,0.7748790922619048,0.7706501831501832,keras,,True,Sequential,4.0,844866.0,1.0,,,,,1.0,1.0,,,,,,,1.0,,,1.0,1.0,,str,RMSprop,3380336.0,,francesyang,2023-04-12 18:29:33.376801,64
185,0.7672886937431395,0.7645076330293128,0.7808077740662009,0.7674089068825911,keras,,True,Sequential,6.0,235682.0,1.0,,,,,1.0,3.0,,,,,,,1.0,,,1.0,3.0,,str,Adam,944400.0,,amsay99,2023-04-13 21:17:13.625870,96
186,0.7661909989023051,0.7628581240368246,0.7823415496556094,0.7663220551378446,keras,,True,Sequential,4.0,336770.0,1.0,,,,,1.0,,,,1.0,,,,1.0,,,1.0,,,str,RMSprop,1348384.0,,xilin0323,2023-04-18 00:59:19.589851,343
187,0.7672886937431395,0.7648379586787325,0.7791640249977357,0.7674016772700983,keras,,True,Sequential,3.0,161282.0,1.0,,,,,1.0,,,,,,,,1.0,,,1.0,,,str,RMSprop,645576.0,,AIModelShare,2022-12-05 16:30:31.943898,1
188,0.7694840834248079,0.7687593675965769,0.7730364012732635,0.7695464623096202,keras,,True,Sequential,5.0,1084738.0,1.0,,,,1.0,,,,,1.0,1.0,,,1.0,,,1.0,,,str,Adam,4340256.0,,eminilkay,2023-04-14 15:06:39.532506,127
189,0.7694840834248079,0.7687593675965769,0.7730364012732635,0.7695464623096202,keras,,True,Sequential,6.0,668930.0,1.0,2.0,,,1.0,,,,,,1.0,,,1.0,,,1.0,,2.0,str,Adam,2676736.0,,eminilkay,2023-04-14 14:59:19.364741,126
190,0.7661909989023051,0.7633393948929226,0.779939710203668,0.7663124156545209,keras,,True,Sequential,7.0,1420562.0,1.0,2.0,1.0,,1.0,,,,,,1.0,,,1.0,,,1.0,,2.0,str,RMSprop,5683264.0,,cj2733,2023-04-18 01:19:56.549574,348
191,0.7683863885839737,0.7671643056573376,0.7739726364486441,0.7683077887025256,keras,,True,Sequential,5.0,262594.0,1.0,,,,1.0,1.0,,,,,,,,2.0,,,1.0,,1.0,str,RMSprop,1051120.0,,bonlilicheng,2023-04-13 23:14:30.960269,114
192,0.7683863885839737,0.7681673836772451,0.7694756808020593,0.7684210526315789,keras,,True,Sequential,5.0,219906.0,1.0,2.0,,,,,,,,,1.0,,,1.0,,,1.0,,2.0,str,RMSprop,880640.0,,sairachawla,2023-04-18 16:40:43.228895,413
193,0.7661909989023051,0.7636748935859259,0.7782825484764543,0.7663051860420281,keras,,True,Functional,5.0,640130.0,1.0,,,,1.0,,,1.0,,,,,1.0,1.0,,,1.0,,,str,Adam,3111632.0,,chachagsedaro,2023-03-28 21:55:43.175542,24
194,0.7683863885839737,0.7679389994941574,0.7703719891219891,0.7683391170233276,keras,,True,Sequential,5.0,262594.0,1.0,,,,1.0,1.0,,,,,,,,2.0,,,1.0,,1.0,str,RMSprop,1051120.0,,bonlilicheng,2023-04-13 23:57:05.672610,116
195,0.7628979143798024,0.759058450145464,0.7811115689708458,0.7630374011952958,keras,,True,Sequential,4.0,805122.0,1.0,,,,,,,,,2.0,,,,1.0,,,1.0,,,str,Adam,3222528.0,,eminilkay,2023-04-14 17:28:46.326127,137
196,0.7574094401756312,0.7511928668969394,0.7864067524115755,0.7575838635049161,keras,,True,Sequential,8.0,170946.0,1.0,4.0,1.0,,,,,,,,,,1.0,1.0,,,1.0,,4.0,str,RMSprop,685376.0,3.0,tzak,2023-04-17 03:57:36.025531,273
197,0.7596048298572997,0.7546078145582955,0.7829902861643476,0.759762386736071,keras,,True,Sequential,3.0,161282.0,1.0,,,,,1.0,,,,,,,,1.0,,,1.0,,,str,RMSprop,645600.0,,sm_5271,2023-04-17 20:36:56.740876,294
198,0.7661909989023051,0.7658648712240503,0.7677686751660284,0.7662328899171005,keras,,True,Sequential,4.0,326338.0,1.0,1.0,,,,,,,,,1.0,,,1.0,,,1.0,,1.0,str,Adam,1306112.0,,tinaz0407,2023-04-18 01:17:56.118134,347
199,0.7486278814489572,0.7388819005062925,0.7928037520983622,0.7488408521303258,keras,,True,Sequential,6.0,963856.0,1.0,1.0,1.0,,,1.0,,,,,,,,2.0,,,1.0,,2.0,str,Adam,3856424.0,,francesyang,2023-04-12 20:12:41.289414,67
200,0.7639956092206367,0.7623415782416929,0.7717529311405162,0.7640881048775785,keras,,True,Sequential,3.0,161282.0,1.0,,,,,1.0,,,,,,,,1.0,,,1.0,,,str,RMSprop,645600.0,,sairachawla,2023-04-18 16:32:05.872426,408
201,0.7639956092206367,0.7623415782416929,0.7717529311405162,0.7640881048775785,keras,,True,Sequential,5.0,161294.0,1.0,,,,,1.0,,,,,,,,3.0,,,3.0,,,str,RMSprop,646160.0,,lprockop,2023-04-11 21:54:44.912854,47
202,0.7650933040614709,0.7650907566103393,0.7650982773745144,0.7650906111432427,keras,,True,Sequential,5.0,262594.0,1.0,,,,1.0,1.0,,,,,,,,2.0,,,1.0,,1.0,str,RMSprop,1051120.0,,bonlilicheng,2023-04-13 23:50:36.238806,115
203,0.7628979143798024,0.7607156059692199,0.7730803106733926,0.763003663003663,keras,,True,Sequential,11.0,567014.0,1.0,,,,2.0,1.0,,,,2.0,,1.0,,3.0,1.0,,1.0,,2.0,str,RMSprop,2271392.0,,rc3434,2023-04-18 15:33:38.363876,401
204,0.7343578485181119,0.7189963189183126,0.800670792721343,0.7346153846153847,keras,,True,Sequential,10.0,178178.0,1.0,6.0,1.0,,,,,,,,,,1.0,1.0,,,1.0,,6.0,str,RMSprop,714816.0,,arushisaranath,2023-04-18 17:31:15.134635,424
205,0.7618002195389681,0.7591253861009741,0.7742243954624359,0.7619168112589165,keras,,True,Sequential,3.0,161282.0,1.0,,,,,1.0,,,,,,,,1.0,,,1.0,,,str,RMSprop,645600.0,,sairachawla,2023-04-16 15:31:25.059049,202
206,0.7628979143798024,0.7611013986013986,0.7708476142222752,0.7628036437246963,keras,,True,Sequential,11.0,297819.0,1.0,,,,2.0,1.0,,,,2.0,,1.0,,3.0,1.0,,1.0,,2.0,str,RMSprop,1194616.0,,rc3434,2023-04-18 17:30:02.292285,423
207,0.7607025246981339,0.7577245888840092,0.7744525251295784,0.7608251397725082,keras,,True,Sequential,3.0,161282.0,1.0,,,,,1.0,,,,,,,,1.0,,,1.0,,,str,RMSprop,645600.0,,kellychen,2023-04-18 04:19:29.966720,376
208,0.7607025246981339,0.7577245888840092,0.7744525251295784,0.7608251397725082,keras,,True,Sequential,3.0,161282.0,1.0,,,,,1.0,,,,,,,,1.0,,,1.0,,,str,RMSprop,645600.0,,kellychen,2023-04-18 04:20:51.253507,378
209,0.7574094401756312,0.7529793125956246,0.7776374990907863,0.757557354925776,keras,,True,Sequential,3.0,161282.0,1.0,,,,,1.0,,,,,,,,1.0,,,1.0,,,str,RMSprop,645600.0,,mikedparrott,2023-03-14 18:24:51.956207,12
210,0.7552140504939627,0.7504400862360188,0.7767080291208389,0.7553667823404666,keras,True,True,Sequential,6.0,1254338.0,1.0,,,,,1.0,3.0,,,,,,,1.0,,,1.0,3.0,,str,RMSprop,5019024.0,,emmayang,2023-04-16 21:51:21.382995,223
211,0.7574094401756312,0.7555241457109169,0.7658084577114428,0.7575067476383266,keras,,True,Sequential,3.0,161282.0,1.0,,,,,1.0,,,,,,,,1.0,,,1.0,,,str,RMSprop,645600.0,,arushisaranath,2023-04-16 19:40:30.850527,206
212,0.7541163556531284,0.7498479945081886,0.7730538302277432,0.7542606516290726,keras,True,True,Sequential,8.0,1019010.0,1.0,4.0,1.0,,,,,,,,1.0,,,1.0,,,1.0,,4.0,str,RMSprop,4077632.0,3.0,tzak,2023-04-17 03:48:50.533916,271
213,0.7596048298572997,0.7594645524614889,0.760266990056722,0.759632253711201,keras,,True,Sequential,7.0,650450.0,1.0,2.0,1.0,,1.0,,,,,,1.0,,,1.0,,,1.0,,2.0,str,RMSprop,2602816.0,,cj2733,2023-04-18 03:01:52.705223,360
214,0.7585071350164654,0.7576869879774444,0.7621885660108103,0.7585719105455948,keras,,True,Sequential,4.0,805122.0,1.0,,,,,,,,,2.0,,,,1.0,,,1.0,,,str,Adam,3222528.0,,eminilkay,2023-04-14 16:54:43.553416,132
215,0.7541163556531284,0.7508059631503878,0.768655462184874,0.7542437825332562,keras,,True,Sequential,3.0,161282.0,1.0,,,,,1.0,,,,,,,,1.0,,,1.0,,,str,RMSprop,645600.0,,bobbie8881,2023-04-13 16:46:10.389833,88
216,0.7541163556531284,0.7514130900869294,0.765920548497681,0.7542317331791015,keras,,True,Sequential,5.0,347266.0,1.0,,,,,1.0,2.0,,,,,,,1.0,,,1.0,2.0,,BinaryCrossentropy,Adam,1390368.0,,sdp2158,2023-04-15 23:11:25.326337,191
217,0.7574094401756312,0.7573989167173765,0.7574403470715836,0.7574031231925968,keras,,True,Sequential,11.0,1315778.0,1.0,4.0,3.0,,,,,,,,1.0,,,2.0,,,2.0,,4.0,str,RMSprop,5264944.0,,ivster,2023-04-18 00:35:55.098803,340
218,0.75192096597146,0.7487086726424123,0.7657672995609042,0.752045980335454,keras,,True,Sequential,10.0,185762.0,1.0,4.0,2.0,,,1.0,1.0,,,,,,,1.0,,,1.0,1.0,4.0,str,Adam,745008.0,,jer2240,2023-04-17 05:00:13.067258,281
219,0.7409440175631175,0.7310182961005686,0.7831956078786506,0.7411557740505109,keras,,True,Sequential,5.0,377986.0,1.0,,,,,1.0,2.0,,,,,,,1.0,,,1.0,2.0,,str,Adam,1513248.0,,cj2733,2023-04-17 22:31:47.743512,318
220,0.7541163556531284,0.7527791507961892,0.7599051861780766,0.7541979949874686,keras,,True,Sequential,4.0,678146.0,1.0,,,,,1.0,1.0,,,,,,,1.0,,,1.0,1.0,,str,RMSprop,2713456.0,,cj2733,2023-04-18 03:37:30.793747,372
221,0.7376509330406147,0.7259812453670318,0.7858626772823287,0.7374252940042414,keras,,True,Sequential,5.0,174658.0,1.0,,,,,1.0,2.0,,,,,,,1.0,,,1.0,2.0,,str,RMSprop,699936.0,,sm_5271,2023-04-18 16:30:15.767655,407
222,0.7376509330406147,0.7259812453670318,0.7858626772823287,0.7374252940042414,keras,,True,Sequential,5.0,174658.0,1.0,,,,,1.0,2.0,,,,,,,1.0,,,1.0,2.0,,str,RMSprop,699936.0,1.0,sm_5271,2023-04-18 16:36:22.112379,410
223,0.75192096597146,0.7493083899122337,0.7631202890237399,0.7520339309812993,keras,,True,Sequential,3.0,161282.0,1.0,,,,,1.0,,,,,,,,1.0,,,1.0,,,str,RMSprop,645600.0,,cj2733,2023-04-17 22:26:07.253722,316
224,0.7508232711306256,0.7465713721986723,0.7691844415264839,0.7509663582032002,keras,,True,Sequential,5.0,279810.0,1.0,,,,,1.0,2.0,,,,,,,1.0,,1.0,,2.0,,str,Adam,1120544.0,,vincent,2023-04-15 17:16:01.422727,161
225,0.75192096597146,0.7499441313641664,0.7603541162529004,0.7520194717563138,keras,,True,Sequential,3.0,161282.0,1.0,,,,,1.0,,,,,,,,1.0,,,1.0,,,str,RMSprop,645600.0,,mcmurrym,2023-04-11 21:55:04.917566,48
226,0.7508232711306256,0.7477842377497343,0.7637855912453135,0.750944669365722,keras,,True,Sequential,3.0,161282.0,1.0,,,,,1.0,,,,,,,,1.0,,,1.0,,,str,RMSprop,645600.0,,newusertest,2023-04-11 18:25:18.905364,39
227,0.7508232711306256,0.7485827178505212,0.7603151031510316,0.7509278002699056,keras,,True,Sequential,7.0,1140034.0,1.0,,,,2.0,1.0,,,,,,,,3.0,,,1.0,,2.0,str,Adam,4561120.0,,chachagsedaro,2023-03-28 20:56:22.236324,22
228,0.7409440175631175,0.7323763431223175,0.7768052758536748,0.7411413148255253,keras,,True,Sequential,6.0,746722.0,1.0,1.0,1.0,,,1.0,,,,,,,,2.0,,,1.0,,2.0,str,RMSprop,2987888.0,,francesyang,2023-04-12 17:12:19.766876,59
229,0.7486278814489572,0.7455620724435648,0.7614778599655487,0.7487492770387507,keras,,True,Sequential,3.0,241922.0,1.0,,,,,1.0,,,,,,,,1.0,,,1.0,,,str,RMSprop,968160.0,,sdp2158,2023-04-15 22:03:46.765568,189
230,0.7486278814489572,0.7455620724435648,0.7614778599655487,0.7487492770387507,keras,,True,Sequential,3.0,241922.0,1.0,,,,,1.0,,,,,,,,1.0,,,1.0,,,str,RMSprop,968160.0,,sdp2158,2023-04-15 21:55:55.398111,188
231,0.7486278814489572,0.7468661461271984,0.7559391552760528,0.7487203585887796,keras,,True,Sequential,5.0,161288.0,1.0,,,,,2.0,,,,,,,,2.0,,,2.0,,,str,RMSprop,645896.0,,rc3434,2023-04-18 15:06:01.475773,399
232,0.7420417124039517,0.7361616908525126,0.7661028975684148,0.7422064777327935,keras,,True,Sequential,3.0,161282.0,1.0,,,,,1.0,,,,,,,,1.0,,,1.0,,,str,RMSprop,645600.0,,lah2228,2023-04-11 21:56:00.452384,49
233,0.7442371020856202,0.739566424591767,0.7627881152772444,0.7440909967225757,keras,,True,Sequential,6.0,1057826.0,1.0,,,,,1.0,3.0,,,,,,,1.0,,,1.0,3.0,,str,RMSprop,4232976.0,,jer2240,2023-04-18 03:01:43.308995,395
234,0.7486278814489572,0.7465746352331216,0.7567492207649946,0.7485299787931368,keras,,True,Sequential,11.0,567014.0,1.0,,,,2.0,1.0,,,,2.0,,1.0,,3.0,1.0,,1.0,,2.0,str,RMSprop,2271392.0,,rc3434,2023-04-18 15:21:16.831145,400
235,0.7486278814489572,0.7476048233818114,0.7525835806713881,0.7485588972431078,keras,,True,Sequential,4.0,335874.0,1.0,,,,,1.0,1.0,,,,,,,1.0,,,1.0,1.0,,str,RMSprop,1344368.0,,adrianwang,2023-04-04 21:12:09.581485,33
236,0.7420417124039517,0.7366796183616413,0.7638566552901024,0.7421992481203008,keras,,True,Sequential,3.0,161282.0,1.0,,,,,1.0,,,,,,,,1.0,,,1.0,,,str,RMSprop,645600.0,,amsay99,2023-04-11 21:49:53.400937,42
237,0.7365532381997805,0.7269321077084478,0.7758665229013635,0.7367601696549065,keras,,True,Sequential,4.0,640130.0,1.0,,,,1.0,,,,,,,,1.0,1.0,,,1.0,,,str,RMSprop,3111632.0,,chachagsedaro,2023-03-29 04:01:15.735048,28
238,0.7486278814489572,0.7486169770510371,0.7486575078332127,0.7486215538847119,keras,,True,Sequential,7.0,494146.0,1.0,2.0,1.0,,1.0,,,,,,1.0,,,1.0,,,1.0,,2.0,str,RMSprop,1977600.0,,cj2733,2023-04-18 03:40:06.355768,374
239,0.7486278814489572,0.7485297077978825,0.7489742921409057,0.7486070946597263,keras,,True,Sequential,4.0,393858.0,1.0,,,,,1.0,1.0,,,,,,,1.0,,,1.0,1.0,,str,RMSprop,1576304.0,,arushisaranath,2023-04-16 20:42:13.477002,216
240,0.7442371020856202,0.7423483043369016,0.7518105683545435,0.7443319838056681,keras,,True,Sequential,3.0,161282.0,1.0,,,,,1.0,,,,,,,,1.0,,,1.0,,,str,RMSprop,645600.0,,cj2733,2023-04-18 03:24:50.339252,364
241,0.7453347969264544,0.7442621363922366,0.7496665685986075,0.7454067861962599,keras,,True,Sequential,6.0,1008610.0,1.0,2.0,1.0,,,,,,,,1.0,,,1.0,,,,,2.0,str,RMSprop,4035456.0,7.0,adrianwang,2023-04-13 15:29:33.232314,80
242,0.7453347969264544,0.7442621363922366,0.7496665685986075,0.7454067861962599,keras,,True,Sequential,6.0,1008610.0,1.0,2.0,1.0,,,,,,,,1.0,,,1.0,,,,,2.0,str,RMSprop,4035456.0,,adrianwang,2023-04-13 15:28:02.794244,79
243,0.7420417124039517,0.7417230367584875,0.7433195752431887,0.7420811644495855,keras,,True,Sequential,9.0,1075910.0,1.0,3.0,1.0,,1.0,,,,,,1.0,,,2.0,,,1.0,,4.0,str,Adam,4305216.0,,mcmurrym,2023-04-18 17:41:01.390114,427
244,0.7354555433589463,0.7290567565199471,0.7604000213060615,0.7356251204935416,keras,True,True,Sequential,7.0,2623682.0,1.0,,,2.0,,1.0,1.0,,,,,,,2.0,,,1.0,3.0,1.0,str,RMSprop,10496640.0,,sdp2158,2023-04-17 00:36:30.663229,243
245,0.7365532381997805,0.7319799941159164,0.7541925465838509,0.7366975130133024,keras,,True,Sequential,3.0,403202.0,1.0,,,,,1.0,,,,,,,,1.0,,,1.0,,,str,RMSprop,1613280.0,,sofiazaidman,2023-04-11 21:53:01.642784,45
246,0.7398463227222832,0.7388595584099857,0.743663357612782,0.7399146905725853,keras,,True,Sequential,6.0,104162.0,1.0,2.0,1.0,,,,,,,,1.0,,,1.0,,,1.0,,2.0,str,RMSprop,417664.0,9.0,realdfy,2023-04-15 19:45:11.499079,170
247,0.7398463227222832,0.7389290270312756,0.7433964109334508,0.7399122807017544,keras,True,True,Sequential,6.0,1025474.0,1.0,2.0,1.0,,,,,,,,1.0,,,1.0,,,1.0,,2.0,str,RMSprop,4102912.0,,hal2148,2023-04-17 06:20:48.650503,286
248,0.7288693743139407,0.717598083326117,0.7718061396372137,0.7286509543088491,keras,,True,Sequential,5.0,2613441.0,1.0,1.0,,,,,,,,,1.0,,,2.0,,1.0,,,2.0,function,Adam,10454768.0,,rian,2023-04-13 07:14:22.191089,77
249,0.7343578485181119,0.7300562265518626,0.7506103842587823,0.7344973009446694,keras,,True,Sequential,10.0,1423922.0,1.0,2.0,,,2.0,,,,,,1.0,,,3.0,1.0,,1.0,,4.0,str,RMSprop,5697696.0,,rc3434,2023-04-18 17:16:33.843965,418
250,0.7354555433589463,0.7347793260490092,0.7379917980888183,0.7355118565644881,keras,,True,Sequential,4.0,4920194.0,1.0,,,,,1.0,,,,,,,,2.0,,,1.0,,1.0,str,RMSprop,19681520.0,,francesyang,2023-04-12 17:56:54.402018,62
251,0.7299670691547749,0.7214828991847286,0.7623242144583608,0.7301595334490072,keras,,True,Sequential,7.0,206530.0,1.0,2.0,1.0,,,1.0,,,,,1.0,,,1.0,,1.0,,2.0,,str,RMSprop,827136.0,,vincent,2023-04-15 17:57:57.313985,165
252,0.7321624588364435,0.725965047241454,0.7556211354693648,0.7323284171968383,keras,,True,Sequential,4.0,816002.0,1.0,,,,,1.0,1.0,,,,,,,1.0,,,1.0,1.0,,str,RMSprop,3264880.0,,francesyang,2023-04-12 18:10:31.380339,63
253,0.7332601536772777,0.7331559781436047,0.7336678929023164,0.733282726045884,keras,,True,Sequential,4.0,185858.0,1.0,,,,,1.0,1.0,,,,,,,1.0,,,1.0,1.0,,str,RMSprop,744304.0,,cj2733,2023-04-17 21:59:01.087242,307
254,0.7321624588364435,0.7275129940178484,0.7494772256728779,0.73230672835936,keras,True,True,Sequential,8.0,1019010.0,1.0,4.0,1.0,,,,,,,,1.0,,,1.0,,,1.0,,4.0,str,RMSprop,4077632.0,3.0,tzak,2023-04-17 04:12:46.690510,275
255,0.7321624588364435,0.7311826396548053,0.7357289628180039,0.7322296124927703,keras,,True,Sequential,3.0,326402.0,1.0,,,,,1.0,,,,,,,,1.0,,,1.0,,,str,RMSprop,1306080.0,,chachagsedaro,2023-03-16 01:29:46.759494,15
256,0.7321624588364435,0.7307919621749409,0.7371450366651902,0.732241661846925,keras,,True,Sequential,3.0,6406402.0,1.0,,,,,1.0,,,,,,,,1.0,,,1.0,,,str,RMSprop,25626080.0,,chachagsedaro,2023-03-16 04:36:42.705484,16
257,0.7310647639956093,0.7310634677925623,0.7310654623622745,0.7310632350106034,keras,,True,Sequential,5.0,495682.0,1.0,,,,,1.0,2.0,,,,,,,1.0,,,1.0,2.0,,BinaryCrossentropy,Adam,1984032.0,,sdp2158,2023-04-16 02:05:56.861801,199
258,0.725576289791438,0.7203105504632221,0.7436269403062818,0.7254265471370734,keras,True,True,Sequential,8.0,1089922.0,1.0,2.0,1.0,,,1.0,,,,,1.0,,,2.0,,1.0,,,3.0,str,RMSprop,4361008.0,,vincent,2023-04-15 04:01:24.658441,148
259,0.7277716794731065,0.7275980477265275,0.7283016224260053,0.7277448428764218,keras,True,True,Sequential,4.0,1128098.0,1.0,,,,,1.0,,,,,,,,2.0,,,1.0,,1.0,str,RMSprop,4513136.0,9.0,realdfy,2023-04-15 20:29:13.989285,179
260,0.7102085620197585,0.6941086691086691,0.7669264624977077,0.7104612492770388,keras,,True,Sequential,4.0,640130.0,1.0,,,,1.0,,,,,,,,1.0,1.0,,,1.0,,,str,RMSprop,3111632.0,,chachagsedaro,2023-03-29 03:43:52.312042,27
261,0.7233809001097695,0.7227632379793061,0.7254898145806176,0.7234335839598998,keras,,True,Sequential,4.0,678146.0,1.0,,,,,1.0,1.0,,,,,,,1.0,,,1.0,1.0,,str,RMSprop,2713456.0,,cj2733,2023-04-18 02:53:43.983714,358
262,0.721185510428101,0.7181202003664289,0.7314755999193385,0.7213008482745324,keras,,True,Sequential,5.0,1128098.0,1.0,,,,,2.0,,,,,,,,2.0,,1.0,,,1.0,str,RMSprop,4513136.0,7.0,adrianwang,2023-04-13 15:32:40.695481,82
263,0.7222832052689352,0.7215100704794608,0.7248912873912874,0.7223419124734914,keras,,True,Sequential,4.0,2024770.0,1.0,,,,,1.0,,,,,,,,2.0,,,1.0,,1.0,str,RMSprop,8099824.0,6.0,bobbie8881,2023-04-13 22:30:04.238074,100
264,0.7200878155872668,0.7186994823358459,0.7246704701947668,0.7201657991131676,keras,True,True,Sequential,4.0,1511598.0,1.0,,,,,1.0,,,,,,,,2.0,,,2.0,,,str,Adam,6047136.0,,ivster,2023-04-17 22:23:04.419999,314
265,0.7091108671789242,0.6958823210774218,0.753718091009989,0.7093406593406593,keras,,True,Sequential,6.0,201538.0,1.0,,,,,1.0,3.0,,,,,,,1.0,,,1.0,3.0,,str,RMSprop,807824.0,,ivster,2023-04-15 21:40:52.533236,186
266,0.7113062568605928,0.7062086690594112,0.727363184079602,0.7114517061885484,keras,,True,Sequential,4.0,193538.0,1.0,,,,,1.0,1.0,,,,,,,1.0,,,1.0,1.0,,str,RMSprop,775024.0,,timnyt,2023-04-17 21:34:38.448972,303
267,0.7178924259055982,0.7177822484893267,0.7182747733395127,0.717914979757085,keras,,True,Sequential,5.0,1260354.0,1.0,,,,,1.0,,,,,,,,3.0,,,1.0,,2.0,str,RMSprop,5042400.0,6.0,bobbie8881,2023-04-13 22:48:05.274299,103
268,0.712403951701427,0.7110219480066639,0.7166917344972672,0.7124807210333526,keras,,True,Sequential,5.0,174658.0,1.0,,,,,1.0,2.0,,,,,,,1.0,,,1.0,2.0,,str,RMSprop,699936.0,,cj2733,2023-04-17 21:50:05.088080,305
269,0.7058177826564215,0.6950741869411001,0.7391149599237711,0.7056125891652207,keras,,True,Sequential,4.0,393858.0,1.0,,,,,1.0,1.0,,,,,,,1.0,,,1.0,1.0,,str,RMSprop,1576304.0,,cj2733,2023-04-17 20:52:56.798389,297
270,0.7135016465422612,0.7135002656892195,0.7135021544452906,0.7135000963948332,keras,,True,Sequential,5.0,174658.0,1.0,,,,,1.0,2.0,,,,,,,1.0,,,1.0,2.0,,str,RMSprop,699936.0,,sm_5271,2023-04-17 22:52:37.335818,322
271,0.7135016465422612,0.713413245104952,0.7137304574406484,0.7134832272990168,keras,,True,Sequential,4.0,1256194.0,1.0,,,,,1.0,,,,,,,,2.0,,1.0,,,1.0,str,RMSprop,5025520.0,,Chen,2023-04-17 03:05:07.044477,264
272,0.70801317233809,0.7040820812410855,0.719938884644767,0.7081405436668594,keras,,True,Sequential,6.0,176290.0,1.0,2.0,1.0,,,,,,,,1.0,,,1.0,,,1.0,,2.0,str,RMSprop,706176.0,,xilin0323,2023-04-18 01:05:12.815280,344
273,0.7091108671789242,0.7074810643925763,0.7140338678817286,0.7091936572199731,keras,,True,Sequential,4.0,1128098.0,1.0,,,,,1.0,,,,,,,,2.0,,1.0,,,1.0,str,RMSprop,4513136.0,,ran_liao,2023-04-17 00:49:03.776550,246
274,0.6827661909989023,0.656480740902146,0.7642808438395814,0.6830706574127627,keras,,True,Sequential,7.0,1420562.0,1.0,2.0,1.0,,1.0,,,,,,1.0,,,1.0,,,1.0,,2.0,str,RMSprop,5683264.0,,cj2733,2023-04-18 03:34:20.321283,371
275,0.70801317233809,0.7055691637749201,0.7153505097053484,0.7081140350877193,keras,,True,Sequential,4.0,2024770.0,1.0,,,,,1.0,,,,,,,,2.0,,,1.0,,1.0,str,RMSprop,8099824.0,6.0,bobbie8881,2023-04-13 23:05:43.743490,113
276,0.7102085620197585,0.7101802757158007,0.7103114904286609,0.7102202621939464,keras,,True,Sequential,4.0,460034.0,1.0,,,,,1.0,1.0,,,,,,,1.0,,,1.0,1.0,,str,RMSprop,1840960.0,,AIModelShare,2022-12-05 16:34:39.614871,3
277,0.7047200878155873,0.7001885298950178,0.718163573276393,0.7048558897243108,keras,,True,Sequential,10.0,162170.0,1.0,2.0,1.0,,,1.0,,,,,1.0,,,4.0,,,3.0,,2.0,str,RMSprop,650480.0,7.0,lprockop,2023-04-12 14:38:08.510076,56
278,0.7091108671789242,0.7087950727424275,0.710089566690874,0.7091478696741855,keras,True,True,Sequential,4.0,1128098.0,1.0,,,,,1.0,,,,,,,,2.0,,1.0,,,1.0,str,RMSprop,4513136.0,,MandyMaaa,2023-04-18 05:13:55.256804,389
279,0.703622392974753,0.698991130169173,0.7172478648290321,0.7037593984962407,keras,,True,Sequential,4.0,1064050.0,1.0,,,,,1.0,,,,,,,,2.0,,,,,1.0,str,RMSprop,4256944.0,,sairachawla,2023-04-18 03:08:12.184023,361
280,0.7047200878155873,0.7021880867456995,0.7121218927822701,0.7048221515326778,keras,,True,Sequential,4.0,3049538.0,1.0,,,,,1.0,,,,,,,,2.0,,,1.0,,1.0,str,RMSprop,12198896.0,6.0,bobbie8881,2023-04-13 22:55:57.837241,107
281,0.6981339187705817,0.6894896860130613,0.7233530918881361,0.6983179101600154,keras,,True,Sequential,7.0,797954.0,1.0,2.0,1.0,,,1.0,1.0,,,,,,,1.0,,,1.0,1.0,2.0,str,RMSprop,3193264.0,,emmayang,2023-04-16 20:32:06.777175,213
282,0.7025246981339188,0.6982842798778378,0.7148455862816032,0.7026556776556776,keras,True,True,Sequential,6.0,47655724.0,1.0,,,,1.0,1.0,,,,,,,,3.0,,,1.0,,2.0,str,Adam,190623880.0,,ivster,2023-04-17 23:20:09.617123,323
283,0.7047200878155873,0.7041497197342574,0.7064006024096385,0.7047691343743976,keras,True,True,Sequential,4.0,1128098.0,1.0,,,,,1.0,,,,,,,,2.0,,,1.0,,1.0,str,RMSprop,4513136.0,,mymstella,2023-04-13 02:50:04.048773,72
284,0.7025246981339188,0.7024730740909907,0.7026924041596727,0.7025400038557934,keras,,True,Sequential,5.0,2032546.0,1.0,,,,,1.0,,,,,,,,3.0,,,1.0,,2.0,str,RMSprop,8131168.0,6.0,bobbie8881,2023-04-13 22:53:32.971371,106
285,0.686059275521405,0.6699944269936164,0.7304728598756576,0.6858179101600155,keras,,True,Sequential,4.0,1362497.0,1.0,,,,,,2.0,,,,,,,1.0,,1.0,,2.0,,function,Adam,5451296.0,,rian,2023-04-13 06:15:18.755333,74
286,0.6970362239297475,0.6904381999231746,0.7157277836948612,0.697197320223636,keras,,True,Sequential,5.0,174658.0,1.0,,,,,1.0,2.0,,,,,,,1.0,,,1.0,2.0,,str,RMSprop,699936.0,,adrianwang,2023-04-03 02:35:20.026393,30
287,0.6992316136114161,0.6972878708500688,0.7046487000069279,0.6993204164256797,keras,,True,Sequential,10.0,162170.0,1.0,2.0,1.0,,,1.0,,,,,1.0,,,4.0,,,3.0,,2.0,str,RMSprop,650480.0,7.0,lprockop,2023-04-17 01:22:02.867903,253
288,0.7003293084522503,0.7000459513928338,0.7011511216056671,0.7003638904954694,keras,,True,Sequential,5.0,2090562.0,1.0,,,,,1.0,,,,,,,,3.0,,,1.0,,2.0,str,RMSprop,8363232.0,6.0,bobbie8881,2023-04-13 22:50:20.274544,105
289,0.6992316136114161,0.6984289221371686,0.7014798464117258,0.6992890881048776,keras,True,True,Sequential,5.0,1550286.0,1.0,,,,,1.0,2.0,,,,,,,1.0,,,1.0,2.0,,str,RMSprop,6202448.0,,ivster,2023-04-18 01:39:22.158991,351
290,0.6827661909989023,0.6673691259057113,0.7248472179453775,0.6830031810294969,keras,True,True,Sequential,6.0,1025474.0,1.0,2.0,1.0,,,,,,,,1.0,,,1.0,,,1.0,,2.0,str,RMSprop,4102912.0,,hal2148,2023-04-17 06:16:27.786004,285
291,0.6904500548847421,0.6814653718729542,0.7150577974967105,0.6906352419510313,keras,,True,Sequential,6.0,182978.0,1.0,,,,,1.0,3.0,,,,,,,1.0,,,1.0,3.0,,str,RMSprop,733584.0,6.0,bobbie8881,2023-04-13 22:05:39.901057,99
292,0.6959385290889133,0.6952275705477756,0.6978807785888078,0.6959923848081743,keras,,True,Sequential,5.0,1129154.0,1.0,,,,,1.0,,,,,,,,3.0,,,1.0,,2.0,str,RMSprop,4517600.0,6.0,bobbie8881,2023-04-13 23:03:01.163438,112
293,0.6937431394072447,0.6930908028308642,0.6954962707974757,0.6937945826103721,keras,,True,Sequential,5.0,1129154.0,1.0,,,,,1.0,,,,,,,,3.0,,,1.0,,2.0,str,RMSprop,4517600.0,6.0,bobbie8881,2023-04-13 22:59:58.141006,109
294,0.6937431394072447,0.6930908028308642,0.6953143984681033,0.6936933680354733,keras,,True,Sequential,4.0,1128098.0,1.0,,,,,1.0,,,,,,,,2.0,,1.0,,,1.0,str,RMSprop,4513136.0,,Chen,2023-04-17 03:14:23.465390,265
295,0.6882546652030735,0.6814653941238463,0.7061210178320978,0.6884157509157509,keras,,True,Sequential,5.0,627702.0,1.0,,,,,1.0,,,,,,,,3.0,,,1.0,,2.0,str,RMSprop,2511792.0,,amsay99,2023-04-13 15:37:58.345747,83
296,0.6684961580680571,0.6473662893236536,0.7222811182773856,0.668765664160401,keras,True,True,Sequential,5.0,1438222.0,1.0,,,,,1.0,2.0,,,,,,,1.0,,,1.0,2.0,,str,RMSprop,5754192.0,,ivster,2023-04-18 00:58:59.495642,342
297,0.6915477497255763,0.6880840253196947,0.7006706430907109,0.6916642567958358,keras,,True,Sequential,4.0,1128098.0,1.0,,,,,1.0,,,,,,,,2.0,,1.0,,,1.0,str,RMSprop,4513136.0,,Chen,2023-04-17 00:49:31.906213,247
298,0.6915477497255763,0.691546263060041,0.6915565323847808,0.6915509928667823,keras,,True,Sequential,5.0,1129154.0,1.0,,,,,1.0,,,,,,,,3.0,,1.0,,,2.0,str,RMSprop,4517600.0,,halfbaked_em,2023-04-17 22:14:14.009456,311
299,0.6586169045005489,0.6326979595699527,0.7217637246593218,0.6589092924619241,keras,,True,Sequential,5.0,1895986.0,1.0,,,,1.0,1.0,,,,,,,,2.0,,,1.0,,1.0,str,Adam,7584688.0,,rc3434,2023-04-18 17:19:32.594697,419
300,0.6805708013172338,0.6693251939323709,0.7094333512016439,0.6807740505108926,keras,,True,Sequential,10.0,162170.0,1.0,2.0,1.0,,,1.0,,,,,1.0,,,4.0,,,3.0,,2.0,str,RMSprop,650480.0,3.0,shivanshc,2023-04-18 00:02:16.993627,335
301,0.6553238199780461,0.6270093360454806,0.7238781651274371,0.6556270483902062,sklearn,,,RandomForestClassifier,,,,,,,,,,,,,,,,,,,,,,,,,,aac2272,2023-03-27 19:32:27.639663,21
302,0.6553238199780461,0.6270093360454806,0.7238781651274371,0.6556270483902062,sklearn,,,RandomForestClassifier,,,,,,,,,,,,,,,,,,,,,,,,,,caessara,2023-03-20 20:37:28.405124,20
303,0.6871569703622393,0.6820010655692528,0.7004068939909648,0.6872975708502025,keras,,True,Sequential,10.0,162170.0,1.0,2.0,1.0,,,1.0,,,,,1.0,,,4.0,,,3.0,,2.0,str,RMSprop,650480.0,7.0,lprockop,2023-04-12 13:58:24.654317,53
304,0.6882546652030735,0.6855168859457199,0.6952365489334066,0.6883579140158087,keras,,True,Sequential,5.0,174658.0,1.0,,,,,1.0,2.0,,,,,,,1.0,,,1.0,2.0,,str,RMSprop,699864.0,,AIModelShare,2022-12-05 16:31:05.886062,2
305,0.686059275521405,0.6826077846645616,0.6947343214357733,0.6861745710429921,keras,,True,Sequential,4.0,1128098.0,1.0,,,,,1.0,,,,,,,,2.0,,1.0,,,1.0,str,RMSprop,4513136.0,,halfbaked_em,2023-04-17 21:58:48.609819,306
306,0.686059275521405,0.6826077846645616,0.6947343214357733,0.6861745710429921,keras,,True,Sequential,4.0,162658.0,1.0,1.0,,,,,,,,,1.0,,,1.0,,,1.0,,1.0,str,RMSprop,651392.0,,halfbaked_em,2023-04-17 22:08:56.165849,308
307,0.6542261251372119,0.6260657448779744,0.7215262903337248,0.6545281472913052,keras,,True,Sequential,5.0,174658.0,1.0,,,,,1.0,2.0,,,,,,,1.0,,,1.0,2.0,,str,RMSprop,699936.0,,ran_liao,2023-04-16 21:41:07.316436,222
308,0.6739846322722283,0.6604317034326184,0.7075166213097248,0.6742047426257952,keras,,True,Sequential,4.0,1128098.0,1.0,,,,,1.0,,,,,,,,2.0,,1.0,,,1.0,str,RMSprop,4513136.0,,1jiahe,2023-04-16 19:53:40.792167,209
309,0.6673984632272228,0.6505561948599923,0.7079268292682928,0.6676402544823598,keras,,True,Sequential,4.0,1256194.0,1.0,,,,,1.0,,,,,,,,2.0,,,1.0,,1.0,str,RMSprop,5025520.0,6.0,bobbie8881,2023-04-13 22:58:05.204269,108
310,0.6454445664105378,0.6140038120424336,0.7166022059876809,0.6457586273375747,keras,,True,Sequential,5.0,174658.0,1.0,,,,,1.0,2.0,,,,,,,1.0,,,1.0,2.0,,str,RMSprop,699936.0,,cj2733,2023-04-17 22:27:32.370450,317
311,0.6783754116355654,0.6758759035895867,0.684226368159204,0.6784726238673607,keras,True,True,Sequential,5.0,627702.0,1.0,,,,,1.0,,,,,,,,3.0,,,1.0,,2.0,str,RMSprop,2511792.0,,amsay99,2023-04-13 15:50:54.682405,84
312,0.6750823271130626,0.6686426015492902,0.6901330376940134,0.6752361673414304,keras,True,True,Sequential,4.0,1064050.0,1.0,,,,,1.0,,,,,,,,2.0,,,1.0,,1.0,str,RMSprop,4256944.0,,sairachawla,2023-04-18 16:45:21.325299,415
313,0.601536772777168,0.5379298202960274,0.7276852031260093,0.6019447657605552,keras,,True,Sequential,5.0,174658.0,1.0,,,,,1.0,2.0,,,,,,,1.0,,,1.0,2.0,,str,RMSprop,699936.0,3.0,shivanshc,2023-04-18 00:00:46.811614,334
314,0.6333699231613611,0.5948199637796954,0.716332132441242,0.6337092731829574,keras,,True,Sequential,5.0,174658.0,1.0,,,,,1.0,2.0,,,,,,,1.0,,,1.0,2.0,,str,RMSprop,699936.0,,adrianwang,2023-04-04 21:04:51.562388,32
315,0.6586169045005489,0.6394586044404514,0.7020132377275234,0.6588707345286292,keras,True,True,Sequential,5.0,1129154.0,1.0,,,,,1.0,,,,,,,,3.0,,,1.0,,2.0,str,RMSprop,4517600.0,6.0,bobbie8881,2023-04-13 23:01:17.755137,111
316,0.6739846322722283,0.6731512856288618,0.6758735230228231,0.6740408714092925,keras,,True,Sequential,10.0,162170.0,1.0,2.0,1.0,,,1.0,,,,,1.0,,,4.0,,,3.0,,2.0,str,RMSprop,650480.0,7.0,lprockop,2023-04-17 01:44:04.061166,258
317,0.5971459934138309,0.5301517035912786,0.7279504504504505,0.5975612107191054,keras,,True,Sequential,5.0,174658.0,1.0,,,,,1.0,2.0,,,,,,,1.0,,,1.0,2.0,,str,RMSprop,699936.0,3.0,shivanshc,2023-04-18 00:32:20.419480,339
318,0.6542261251372119,0.6311205149003067,0.7064559342556096,0.654501638712165,keras,,True,Sequential,5.0,174658.0,1.0,,,,,1.0,2.0,,,,,,,1.0,,,1.0,2.0,,str,RMSprop,699936.0,,lprockop,2023-04-12 13:43:32.539507,52
319,0.6158068057080132,0.5658597026305757,0.7158205748052646,0.6161798727588201,keras,,True,Sequential,6.0,182978.0,1.0,,,,,1.0,3.0,,,,,,,1.0,,,1.0,3.0,,str,RMSprop,733584.0,,bobbie8881,2023-04-13 20:47:48.889729,92
320,0.6158068057080132,0.5658597026305757,0.7158205748052646,0.6161798727588201,keras,,True,Sequential,6.0,182978.0,1.0,,,,,1.0,3.0,,,,,,,1.0,,,1.0,3.0,,str,RMSprop,733584.0,6.0,bobbie8881,2023-04-13 20:48:35.280694,93
321,0.605927552140505,0.5480532581583512,0.71867503320843,0.6063210911895123,keras,,True,Sequential,5.0,174658.0,1.0,,,,,1.0,2.0,,,,,,,1.0,,,1.0,2.0,,str,RMSprop,699936.0,,cj2733,2023-04-17 20:44:38.796411,296
322,0.5861690450054885,0.5105898480528159,0.7275640213784544,0.5866011181800656,keras,,True,Sequential,5.0,164258.0,1.0,,,,,1.0,2.0,,,,,,,1.0,,,1.0,2.0,,str,RMSprop,658336.0,,so2638,2023-04-15 17:57:18.738733,164
323,0.6641053787047201,0.6567901781756936,0.6797024117094982,0.6642664353190669,keras,,True,Sequential,4.0,1064050.0,1.0,,,,,1.0,,,,,,,,2.0,,,,,1.0,str,RMSprop,4256944.0,,sairachawla,2023-04-18 03:38:08.938597,373
324,0.6575192096597146,0.6421153361873583,0.6907647024538089,0.6577477347214189,keras,,True,Sequential,7.0,191298.0,1.0,,,,,1.0,4.0,,,,,,,1.0,,,1.0,4.0,,str,RMSprop,767232.0,,xuenricky,2023-04-17 22:22:18.768313,313
325,0.5784851811196488,0.4968240817453741,0.7261128907544461,0.5789280894544052,sklearn,,,RandomForestClassifier,,,,,,,,,,,,,,,,,,,,,,,,,,adrianwang,2023-04-04 21:30:46.715523,36
326,0.6081229418221734,0.5537481630687284,0.7123106810765951,0.6085068440331598,keras,,True,Sequential,5.0,174658.0,1.0,,,,,1.0,2.0,,,,,,,1.0,,,1.0,2.0,,str,RMSprop,699936.0,,sm_5271,2023-04-18 16:21:35.863780,406
327,0.5378704720087816,0.4131313301332321,0.759703196347032,0.5383771929824561,sklearn,,,RandomForestClassifier,,,,,,,,,,,,,,,,,,,,,,,,,,adrianwang,2023-04-04 21:20:21.274442,35
328,0.5378704720087816,0.4131313301332321,0.759703196347032,0.5383771929824561,sklearn,,,RandomForestClassifier,,,,,,,,,,,,,,,,,,,,,,,,,,mikedparrott,2023-03-15 18:17:35.841441,14
329,0.5378704720087816,0.4131313301332321,0.759703196347032,0.5383771929824561,sklearn,,,RandomForestClassifier,,,,,,,,,,,,,,,,,,,,,,,,,,caessara,2023-03-20 18:31:36.523778,18
330,0.5378704720087816,0.4131313301332321,0.759703196347032,0.5383771929824561,sklearn,,,RandomForestClassifier,,,,,,,,,,,,,,,,,,,,,,,,,,newusertest,2023-04-11 18:31:58.163130,41
331,0.6432491767288694,0.6228233438686739,0.6834263571622188,0.6435053981106613,keras,,True,Sequential,5.0,2249090.0,1.0,,,,,1.0,2.0,,,,,,,1.0,,,1.0,2.0,,str,RMSprop,8997664.0,,so2638,2023-04-18 02:37:02.109544,353
332,0.5466520307354555,0.43429336099897,0.7315687295799991,0.5471418931945248,keras,,True,Sequential,5.0,174658.0,1.0,,,,,1.0,2.0,,,,,,,1.0,,,1.0,2.0,,str,RMSprop,699936.0,,arushisaranath,2023-04-16 20:33:27.198701,214
333,0.6344676180021954,0.6248316545161111,0.6501790149340387,0.6346443030653557,keras,,True,Sequential,5.0,353218.0,1.0,,,,,1.0,2.0,,,,,,,1.0,,,1.0,2.0,,str,RMSprop,1414176.0,,so2638,2023-04-15 19:59:12.677130,175
334,0.5554335894621295,0.45314480090709,0.7237222757955641,0.5559090032774243,keras,,True,Sequential,5.0,2075394.0,1.0,,,,,1.0,2.0,,,,,,,1.0,,,1.0,2.0,,str,RMSprop,8302880.0,,so2638,2023-04-18 03:15:01.237710,363
335,0.5367727771679474,0.4124915948407605,0.7455396825396825,0.537278291883555,sklearn,,,RandomForestClassifier,,,,,,,,,,,,,,,,,,,,,,,,,,AIModelShare,2022-12-05 16:38:18.175266,5
336,0.6223929747530187,0.5919054068132097,0.6752840322247469,0.6226937536148063,keras,,True,Sequential,5.0,2075394.0,1.0,,,,,1.0,2.0,,,,,,,1.0,,,1.0,2.0,,str,RMSprop,8302880.0,,so2638,2023-04-18 02:59:46.640451,359
337,0.6190998902305159,0.5926836465029501,0.661441495463552,0.6193801812222866,sklearn,,,GradientBoostingClassifier,,,,,,,,,,,,,,,,,,,,,,,,,,AIModelShare,2022-12-05 16:41:17.421196,7
338,0.5916575192096597,0.5278056447298021,0.7012326169405816,0.5920618854829381,keras,,True,Sequential,5.0,193218.0,1.0,,,,,1.0,2.0,,,,,,,1.0,,,1.0,2.0,,str,RMSprop,774176.0,,halfbaked_em,2023-04-17 20:04:00.792821,293
339,0.5861690450054885,0.5173492976945833,0.7023029279279279,0.5865842490842491,keras,,True,Sequential,6.0,341730.0,1.0,2.0,1.0,,,,,,,,1.0,,,1.0,,,,,2.0,str,RMSprop,1367936.0,,Chen,2023-04-17 01:05:39.416869,251
340,0.6158068057080132,0.5868962479270315,0.6614931817267595,0.6160979371505687,sklearn,,,GradientBoostingClassifier,,,,,,,,,,,,,,,,,,,,,,,,,,miles_degrazia,2023-04-18 01:42:35.541838,352
341,0.5587266739846323,0.461558592785142,0.7142470867350499,0.559193657219973,keras,,True,Sequential,5.0,174658.0,1.0,,,,,1.0,2.0,,,,,,,1.0,,,1.0,2.0,,str,RMSprop,699936.0,,cj2733,2023-04-17 22:23:34.540047,315
342,0.5093304061470911,0.3546532911783583,0.7522172949002217,0.5098684210526315,keras,,True,Sequential,3.0,328386.0,1.0,,,,,,1.0,,,,,,,1.0,,1.0,,1.0,,str,RMSprop,1314416.0,,Chen,2023-04-15 15:34:18.050962,155
343,0.601536772777168,0.5572915899686335,0.6701355353808511,0.6018845189897821,keras,,True,Sequential,5.0,2054722.0,1.0,,,,,1.0,2.0,,,,,,,1.0,,,1.0,2.0,,str,RMSprop,8220192.0,,so2638,2023-04-15 20:06:34.391113,176
344,0.5082327113062569,0.3522929257020973,0.751937984496124,0.5087719298245614,keras,,True,Sequential,8.0,199618.0,1.0,,,,,1.0,5.0,,,,,,,1.0,,,1.0,5.0,,str,RMSprop,800944.0,,arushisaranath,2023-04-18 15:40:20.505130,402
345,0.5466520307354555,0.4370291343778476,0.7150679509170075,0.5471370734528629,keras,,True,Sequential,5.0,174658.0,1.0,,,,,1.0,2.0,,,,,,,1.0,,,1.0,2.0,,str,RMSprop,699936.0,,Estelle,2023-04-18 16:35:10.371358,409
346,0.54006586169045,0.423244351569382,0.7159481652553246,0.5405605359552728,keras,,True,Sequential,5.0,2249090.0,1.0,,,,,1.0,2.0,,,,,,,1.0,,,1.0,2.0,,str,RMSprop,8997664.0,,so2638,2023-04-18 03:52:11.190363,375
347,0.5005488474204172,0.3355215171407731,0.75,0.5010964912280702,keras,,True,Sequential,4.0,132098.0,1.0,,,,,1.0,,,,,,,,2.0,,1.0,,,1.0,str,RMSprop,529136.0,,so2638,2023-04-15 19:26:05.874985,168
348,0.5686059275521405,0.558171391337507,0.5755212211466865,0.5684379217273954,keras,,True,Sequential,5.0,1308865.0,1.0,1.0,,,,,,,,,1.0,,,2.0,,1.0,,,2.0,function,Adam,5236464.0,,rian,2023-04-13 06:30:21.745936,75
349,0.5159165751920965,0.3703722278032275,0.7245032241084353,0.5164449585502218,sklearn,,,RandomForestClassifier,,,,,,,,,,,,,,,,,,,,,,,,,,AIModelShare,2022-12-05 16:37:43.789563,4
350,0.570801317233809,0.4934462481423807,0.6838458476389511,0.5712309620204357,keras,,True,Sequential,5.0,174658.0,1.0,,,,,1.0,2.0,,,,,,,1.0,,,1.0,2.0,,str,RMSprop,699936.0,,kellychen,2023-04-18 04:26:13.619063,381
351,0.5433589462129528,0.43087809507791,0.7113240418118467,0.5438475997686524,keras,,True,Sequential,5.0,174658.0,1.0,,,,,1.0,2.0,,,,,,,1.0,,,1.0,2.0,,str,RMSprop,699936.0,,cj2733,2023-04-18 03:25:54.287659,365
352,0.5433589462129528,0.43087809507791,0.7113240418118467,0.5438475997686524,keras,,True,Sequential,5.0,174658.0,1.0,,,,,1.0,2.0,,,,,,,1.0,,,1.0,2.0,,str,RMSprop,699936.0,,cj2733,2023-04-18 03:30:07.923035,367
353,0.5148188803512623,0.3680759573132455,0.7223812849162011,0.5153484673221516,sklearn,,,RandomForestClassifier,,,,,,,,,,,,,,,,,,,,,,,,,,sairachawla,2023-04-16 15:19:37.551942,201
354,0.5148188803512623,0.3680759573132455,0.7223812849162011,0.5153484673221516,sklearn,,,RandomForestClassifier,,,,,,,,,,,,,,,,,,,,,,,,,,caessara,2023-03-20 18:29:30.822234,17
355,0.5148188803512623,0.3680759573132455,0.7223812849162011,0.5153484673221516,sklearn,,,RandomForestClassifier,,,,,,,,,,,,,,,,,,,,,,,,,,Chen,2023-04-15 15:10:09.903134,153
356,0.5148188803512623,0.3680759573132455,0.7223812849162011,0.5153484673221516,sklearn,,,RandomForestClassifier,,,,,,,,,,,,,,,,,,,,,,,,,,kellychen,2023-04-18 05:10:18.083824,387
357,0.5148188803512623,0.3680759573132455,0.7223812849162011,0.5153484673221516,sklearn,,,RandomForestClassifier,,,,,,,,,,,,,,,,,,,,,,,,,,adrianwang,2023-04-04 21:15:50.460919,34
358,0.5148188803512623,0.3680759573132455,0.7223812849162011,0.5153484673221516,sklearn,,,RandomForestClassifier,,,,,,,,,,,,,,,,,,,,,,,,,,mikedparrott,2023-03-15 18:16:18.599602,13
359,0.5148188803512623,0.3680759573132455,0.7223812849162011,0.5153484673221516,sklearn,,,RandomForestClassifier,,,,,,,,,,,,,,,,,,,,,,,,,,mikedparrott,2023-03-14 18:14:29.977255,11
360,0.5148188803512623,0.3680759573132455,0.7223812849162011,0.5153484673221516,sklearn,,,RandomForestClassifier,,,,,,,,,,,,,,,,,,,,,,,,,,so2638,2023-04-11 21:56:07.440687,50
361,0.5148188803512623,0.3680759573132455,0.7223812849162011,0.5153484673221516,sklearn,,,RandomForestClassifier,,,,,,,,,,,,,,,,,,,,,,,,,,newusertest,2023-04-11 18:30:58.389723,40
362,0.5148188803512623,0.3680759573132455,0.7223812849162011,0.5153484673221516,sklearn,,,RandomForestClassifier,,,,,,,,,,,,,,,,,,,,,,,,,,miles_degrazia,2023-04-18 01:09:12.704837,345
363,0.5148188803512623,0.3680759573132455,0.7223812849162011,0.5153484673221516,sklearn,,,RandomForestClassifier,,,,,,,,,,,,,,,,,,,,,,,,,,mikedparrott,2023-03-14 18:10:35.697273,10
364,0.5466520307354555,0.439711876244384,0.7008915731952833,0.5471322537112011,sklearn,,,RandomForestClassifier,,,,,,,,,,,,,,,,,,,,,,,,,,AIModelShare,2022-12-05 16:39:56.858920,6
365,0.5477497255762898,0.5038441201353638,0.5745694037437952,0.5480769230769231,keras,,True,Functional,9.0,81762.0,,2.0,2.0,,1.0,1.0,,1.0,,,,,,2.0,,,1.0,,3.0,str,Adam,328176.0,,chachagsedaro,2023-03-28 21:15:20.283133,23
366,0.5510428100987925,0.4851080294895977,0.6057911536707706,0.5514362830152304,keras,True,True,Sequential,6.0,652706.0,1.0,,,,,1.0,,,,,,,,4.0,,,1.0,,3.0,str,RMSprop,2612112.0,,so2638,2023-04-15 20:13:05.456341,178
367,0.5488474204171241,0.4748336856219941,0.613341983276776,0.5492601696549065,keras,,True,Sequential,5.0,193218.0,1.0,,,,,1.0,2.0,,,,,,,1.0,,,1.0,2.0,,str,RMSprop,774176.0,,so2638,2023-04-15 19:44:23.420829,169
368,0.5334796926454446,0.4120572491553093,0.6976450798990749,0.5339791787160209,sklearn,,,RandomForestClassifier,,,,,,,,,,,,,,,,,,,,,,,,,,caessara,2023-03-20 18:34:08.220685,19
369,0.5323819978046103,0.5322551874421475,0.5324382358618027,0.532400713321766,keras,,True,Sequential,6.0,366082.0,1.0,,,,2.0,,2.0,,,,,,,1.0,,,1.0,2.0,,str,RMSprop,1465632.0,,sairachawla,2023-04-18 02:50:22.292716,357
370,0.5411635565312843,0.4823807348927239,0.5745477285138015,0.5407942934258724,sklearn,,,GradientBoostingClassifier,,,,,,,,,,,,,,,,,,,,,,,,,,adrianwang,2023-04-04 21:34:13.561336,37
371,0.5214050493962679,0.5212383321761938,0.5214578084122525,0.5214261615577405,keras,,True,Sequential,8.0,1082178.0,1.0,2.0,1.0,,1.0,,,,,,1.0,,,2.0,,,1.0,,3.0,str,Adam,4330032.0,,bonlilicheng,2023-04-14 01:18:25.600234,119
372,0.5236004390779363,0.4971331908831908,0.5295381932588654,0.5233492384808174,keras,,True,Sequential,6.0,366082.0,1.0,,,,2.0,,2.0,,,,,,,1.0,,,1.0,2.0,,str,RMSprop,1465632.0,,sairachawla,2023-04-16 16:33:05.973183,205
373,0.5104281009879253,0.4921124211242113,0.511931421755081,0.5102202621939464,keras,,True,Sequential,6.0,366082.0,1.0,,,,2.0,,2.0,,,,,,,1.0,,,1.0,2.0,,str,RMSprop,1465632.0,,sairachawla,2023-04-18 02:49:03.688478,356
374,0.5126234906695939,0.3669571423205498,0.6697461739455021,0.5131506651243494,keras,,True,Sequential,4.0,211074.0,1.0,,,,,1.0,1.0,,,,,,,1.0,,,1.0,1.0,,str,RMSprop,845168.0,,timnyt,2023-04-17 18:48:22.735472,291
375,0.5016465422612514,0.5016315297338461,0.5016412802467946,0.5016411220358589,unknown,,,unknown,,,,,,,,,,,,,,,,,,,,,,,,,,AIModelShare,2022-12-05 16:42:32.863697,8
376,0.4994511525795829,0.4994505494505494,0.49945295404814,0.4994529593213803,unknown,,,unknown,,,,,,,,,,,,,,,,,,,,,,,,,,mikedparrott,2023-03-14 18:01:47.436022,9
377,0.5093304061470911,0.3816225655821723,0.5571768993552004,0.5098298631193368,keras,True,True,Sequential,6.0,262706.0,1.0,,,,,1.0,,,,,,,,4.0,,,1.0,,3.0,str,RMSprop,1052112.0,,so2638,2023-04-15 19:50:43.886961,172
378,0.5082327113062569,0.3730675645783665,0.5644908987485779,0.5087430113745903,keras,,True,Sequential,9.0,863170.0,1.0,,,,,1.0,6.0,,,,,,,1.0,,,1.0,6.0,,,NoneType,3455520.0,,ivster,2023-04-18 00:31:17.020213,338
379,0.4972557628979144,0.49567519218682,0.4972830862967953,0.4973178137651822,keras,,True,Sequential,5.0,1025410.0,1.0,,,,,1.0,2.0,,,,,,,1.0,,,1.0,2.0,,str,RMSprop,4102944.0,,moonliang,2023-04-18 04:20:28.655185,377
380,0.5027442371020856,0.3459909192478664,0.5838876570583887,0.5032822440717177,keras,,True,Sequential,4.0,1064386.0,1.0,1.0,,,,,,,,,1.0,,,1.0,,,1.0,,1.0,str,RMSprop,4258304.0,,moonliang,2023-04-18 04:23:57.779149,379
381,0.5060373216245884,0.361877988643156,0.5560370152761458,0.5055161943319838,keras,True,True,Sequential,6.0,1002826.0,1.0,3.0,,,,,,,,,1.0,,,1.0,,,1.0,,,str,RMSprop,4012640.0,3.0,tzak,2023-04-17 04:47:04.183779,279
382,0.4917672886937431,0.4912867234244763,0.4917039143979412,0.4917341430499325,keras,,True,Sequential,12.0,491874.0,1.0,4.0,3.0,,1.0,,,,,,1.0,,,2.0,,,1.0,,5.0,str,Adam,1969328.0,,bonlilicheng,2023-04-14 00:27:45.481595,117
383,0.4950603732162459,0.4452416758451241,0.4917957725334774,0.4947320223636013,keras,,True,Sequential,6.0,366082.0,1.0,,,,2.0,,2.0,,,,,,,1.0,,,1.0,2.0,,str,RMSprop,1465632.0,,sairachawla,2023-04-16 16:13:57.515859,203
384,0.4840834248079034,0.483036317975466,0.4839074038087835,0.4840346057451321,keras,,True,Sequential,12.0,491874.0,1.0,4.0,3.0,,1.0,,,,,,1.0,,,2.0,,,1.0,,5.0,str,Adam,1969328.0,,bonlilicheng,2023-04-14 00:32:02.948081,118
385,0.5005488474204172,0.3335771762984638,0.2502744237102086,0.5,keras,True,True,Sequential,4.0,980065.0,1.0,,,,,1.0,,,,,,,,2.0,,1.0,,,1.0,str,RMSprop,3921008.0,3.0,shivanshc,2023-04-18 00:13:53.978539,336
386,0.5005488474204172,0.3335771762984638,0.2502744237102086,0.5,keras,,True,Sequential,12.0,445506.0,1.0,3.0,,,2.0,,,,,,1.0,,,3.0,2.0,,1.0,,5.0,str,RMSprop,1784800.0,,rc3434,2023-04-18 17:41:45.760674,428
387,0.5005488474204172,0.3335771762984638,0.2502744237102086,0.5,keras,True,True,Sequential,4.0,1320065.0,1.0,,,,,1.0,,,,,,,,2.0,,1.0,,,1.0,str,RMSprop,5281008.0,7.0,lprockop,2023-04-17 01:47:21.451300,259
388,0.5005488474204172,0.3335771762984638,0.2502744237102086,0.5,keras,,True,Sequential,10.0,407106.0,1.0,2.0,,,2.0,,,,,,1.0,,,3.0,1.0,,1.0,,4.0,str,RMSprop,1630432.0,,rc3434,2023-04-18 15:46:08.816787,403
389,0.5005488474204172,0.3335771762984638,0.2502744237102086,0.5,keras,,True,Sequential,6.0,366082.0,1.0,,,,2.0,,2.0,,,,,,,1.0,,,1.0,2.0,,str,RMSprop,1465632.0,,sairachawla,2023-04-16 16:28:41.996859,204
390,0.5005488474204172,0.3335771762984638,0.2502744237102086,0.5,keras,,True,Sequential,6.0,89057.0,1.0,2.0,1.0,,,,,,,,1.0,,,1.0,,,,,2.0,str,RMSprop,357248.0,,xuenricky,2023-04-17 22:36:51.805962,319
391,0.5005488474204172,0.3335771762984638,0.2502744237102086,0.5,keras,True,True,Sequential,4.0,1320065.0,1.0,,,,,1.0,,,,,,,,2.0,,1.0,,,1.0,str,RMSprop,5281008.0,7.0,lprockop,2023-04-12 14:42:55.014930,57
392,0.5005488474204172,0.3335771762984638,0.2502744237102086,0.5,keras,True,True,Sequential,4.0,1320065.0,1.0,,,,,1.0,,,,,,,,2.0,,1.0,,,1.0,str,RMSprop,5281008.0,7.0,lprockop,2023-04-17 01:27:20.089750,255
393,0.5005488474204172,0.3335771762984638,0.2502744237102086,0.5,keras,,True,Sequential,4.0,1320065.0,1.0,,,,,1.0,,,,,,,,2.0,,1.0,,,1.0,str,RMSprop,5281008.0,7.0,lprockop,2023-04-12 14:24:29.817267,54
394,0.4961580680570801,0.339192616765568,0.4307070707070707,0.496693657219973,keras,,True,Sequential,10.0,178178.0,1.0,6.0,1.0,,,,,,,,,,1.0,1.0,,,1.0,,6.0,,NoneType,714816.0,,arushisaranath,2023-04-18 16:08:07.703991,404
395,0.4994511525795829,0.3330893118594436,0.2497255762897914,0.5,keras,,True,Sequential,7.0,2062866.0,1.0,3.0,1.0,,,,,,,,1.0,,,1.0,,,1.0,,3.0,str,RMSprop,8252800.0,,so2638,2023-04-15 20:09:05.071135,177
396,0.4994511525795829,0.3330893118594436,0.2497255762897914,0.5,keras,,True,Sequential,10.0,178178.0,1.0,6.0,1.0,,,,,,,,,,1.0,1.0,,,1.0,,6.0,str,RMSprop,714816.0,,arushisaranath,2023-04-18 16:14:56.672783,405
397,0.4994511525795829,0.3330893118594436,0.2497255762897914,0.5,keras,,True,Sequential,8.0,1315778.0,1.0,4.0,,,,,,,,,1.0,,,2.0,,,2.0,,4.0,str,RMSprop,5264944.0,,ivster,2023-04-15 21:45:08.382367,187
398,0.4994511525795829,0.3330893118594436,0.2497255762897914,0.5,keras,,True,Sequential,6.0,163202.0,1.0,2.0,1.0,,,,,,,,1.0,,,1.0,,,2.0,,,str,RMSprop,653824.0,,Estelle,2023-04-18 16:44:33.955740,414
399,0.4994511525795829,0.3330893118594436,0.2497255762897914,0.5,keras,,True,Sequential,6.0,1008578.0,1.0,2.0,1.0,,,,,,,,1.0,,,1.0,,,2.0,,,str,RMSprop,4035328.0,,Estelle,2023-04-18 18:09:08.172293,433
400,0.4994511525795829,0.3330893118594436,0.2497255762897914,0.5,keras,,True,Sequential,7.0,21970.0,1.0,3.0,1.0,,,,,,,,1.0,,,1.0,,,1.0,,3.0,str,RMSprop,89216.0,,so2638,2023-04-15 19:45:19.199566,171
401,0.4994511525795829,0.3330893118594436,0.2497255762897914,0.5,keras,,True,Sequential,6.0,176834.0,1.0,,,,,1.0,2.0,,,,,,,2.0,,,2.0,2.0,,str,RMSprop,708880.0,,1jiahe,2023-04-16 19:50:40.820096,207
402,0.4994511525795829,0.3330893118594436,0.2497255762897914,0.5,keras,,True,Sequential,4.0,1128098.0,1.0,,,,,1.0,,,,,,,,2.0,,,1.0,,1.0,,NoneType,4513136.0,,xuenricky,2023-04-17 23:23:58.778921,324
403,0.4994511525795829,0.3330893118594437,0.25,0.4989035087719298,keras,,True,Sequential,3.0,1501106.0,1.0,,,,,,1.0,,,,,,,1.0,,,1.0,1.0,,str,RMSprop,6005296.0,,xilin0323,2023-04-17 03:33:24.401497,267
404,0.4994511525795829,0.3330893118594436,0.2497255762897914,0.5,keras,,True,Sequential,9.0,1043602.0,1.0,,,,,1.0,4.0,,,,,,,3.0,,,3.0,4.0,,str,RMSprop,4176992.0,3.0,tzak,2023-04-17 04:27:04.010187,278
405,0.4994511525795829,0.3330893118594436,0.2497255762897914,0.5,keras,,True,Sequential,7.0,206530.0,1.0,2.0,1.0,,,1.0,,,,,1.0,,,1.0,,1.0,,,2.0,str,SGD,827136.0,,vincent,2023-04-15 17:51:42.518476,163
406,0.4994511525795829,0.3330893118594436,0.2497255762897914,0.5,keras,,True,Sequential,4.0,361058.0,1.0,,,,,1.0,,,,,,,,2.0,,,1.0,,1.0,str,RMSprop,1444976.0,,oliverhegi,2023-04-17 04:16:35.556452,276
407,0.4994511525795829,0.3330893118594436,0.2497255762897914,0.5,keras,,True,Sequential,6.0,166274.0,1.0,2.0,1.0,,,,,,,,1.0,,,1.0,,,1.0,,2.0,str,RMSprop,666112.0,,MandyMaaa,2023-04-18 04:26:01.030874,380
408,0.4994511525795829,0.3330893118594436,0.2497255762897914,0.5,keras,,True,Sequential,5.0,170038.0,1.0,,,,,1.0,2.0,,,,,,,1.0,,,1.0,2.0,,str,RMSprop,681456.0,,so2638,2023-04-15 19:06:32.861981,166
409,0.4994511525795829,0.3330893118594436,0.2497255762897914,0.5,keras,,True,Sequential,6.0,334466.0,1.0,2.0,1.0,,,,,,,,1.0,,,1.0,,,,,2.0,str,RMSprop,1338880.0,,Chen,2023-04-16 20:32:00.605708,212
410,0.4994511525795829,0.3330893118594436,0.2497255762897914,0.5,keras,,True,Sequential,6.0,341730.0,1.0,2.0,1.0,,,,,,,,1.0,,,1.0,,,,,2.0,str,RMSprop,1367936.0,,Chen,2023-04-16 21:39:46.540004,221
411,,,,,keras,True,True,Sequential,4.0,1320098.0,1.0,,,,,1.0,,,,,,,,2.0,,,1.0,,1.0,str,RMSprop,5281136.0,,timnyt,2023-04-17 23:45:37.086380,329
412,,,,,keras,,True,Sequential,5.0,262594.0,1.0,,,,1.0,1.0,,,,,,,,2.0,,,1.0,,1.0,str,RMSprop,1051120.0,,bonlilicheng,2023-04-13 22:31:01.414700,101
413,,,,,keras,,True,Sequential,5.0,262594.0,1.0,,,,1.0,1.0,,,,,,,,2.0,,,1.0,,1.0,str,RMSprop,1051120.0,,bonlilicheng,2023-04-13 22:34:48.306244,102
414,,,,,keras,True,True,Sequential,8.0,1019010.0,1.0,4.0,1.0,,,,,,,,1.0,,,1.0,,,1.0,,4.0,str,RMSprop,4077632.0,3.0,tzak,2023-04-17 03:40:54.160568,269
415,,,,,keras,,True,Sequential,5.0,262594.0,1.0,,,,1.0,1.0,,,,,,,,2.0,,,1.0,,1.0,str,RMSprop,1051120.0,,bonlilicheng,2023-04-13 22:49:43.010901,104
416,,,,,keras,,True,Sequential,5.0,174658.0,1.0,,,,,1.0,2.0,,,,,,,1.0,,,1.0,2.0,,str,RMSprop,699936.0,,mymstella,2023-04-13 02:41:04.825835,68
417,,,,,keras,,True,Sequential,4.0,327266.0,1.0,1.0,,,,,,,,,1.0,,,1.0,,,1.0,,1.0,str,RMSprop,1309824.0,,mymstella,2023-04-13 02:43:38.288910,69
418,,,,,keras,,True,Sequential,5.0,262594.0,1.0,,,,1.0,1.0,,,,,,,,2.0,,,1.0,,1.0,str,RMSprop,1051120.0,,bonlilicheng,2023-04-13 23:00:53.282219,110
419,,,,,keras,True,True,Sequential,8.0,1019010.0,1.0,4.0,1.0,,,,,,,,1.0,,,1.0,,,1.0,,4.0,str,RMSprop,4077632.0,3.0,tzak,2023-04-17 00:41:01.335273,245
420,,,,,keras,True,True,Sequential,8.0,1019010.0,1.0,4.0,1.0,,,,,,,,1.0,,,1.0,,,1.0,,4.0,str,RMSprop,4077632.0,3.0,tzak,2023-04-17 00:58:21.239514,250
421,,,,,keras,,True,Sequential,8.0,170946.0,1.0,4.0,1.0,,,,,,,,1.0,,,1.0,,,1.0,,4.0,str,RMSprop,685376.0,3.0,tzak,2023-04-17 00:21:19.007986,240
422,,,,,keras,,True,Sequential,7.0,191298.0,1.0,,,,,1.0,4.0,,,,,,,1.0,,,1.0,4.0,,str,RMSprop,767232.0,3.0,tzak,2023-04-16 23:58:44.883548,235
423,0.0,,,,keras,True,True,Sequential,7.0,1073410.0,1.0,2.0,1.0,,,1.0,,,,,1.0,,,1.0,,1.0,,,2.0,str,RMSprop,4294656.0,,vincent,2023-04-15 03:34:23.387290,146
424,0.0,,,,keras,True,True,Sequential,25.0,4168386.0,1.0,8.0,4.0,,1.0,1.0,,,,,,,,2.0,8.0,,1.0,,9.0,str,RMSprop,16680368.0,,vincent,2023-04-15 19:54:24.252457,174
425,0.0,,,,keras,True,True,Sequential,25.0,4168386.0,1.0,8.0,4.0,,1.0,1.0,,,,,,,,2.0,8.0,,1.0,,9.0,str,RMSprop,16680368.0,,vincent,2023-04-15 19:52:17.130784,173
426,,,,,keras,,True,Sequential,5.0,174658.0,1.0,,,,,1.0,2.0,,,,,,,1.0,,,1.0,2.0,,str,RMSprop,699936.0,3.0,tzak,2023-04-16 23:00:37.767495,232
427,,,,,keras,,True,Sequential,5.0,174658.0,1.0,,,,,1.0,2.0,,,,,,,1.0,,,1.0,2.0,,str,RMSprop,699936.0,,tzak,2023-04-16 22:56:58.055404,231
428,0.0,,,,keras,True,True,Sequential,7.0,1073410.0,1.0,2.0,1.0,,,1.0,,,,,1.0,,,1.0,,1.0,,,2.0,str,Adam,4294656.0,,vincent,2023-04-15 16:52:48.439395,160
429,,,,,keras,True,True,Sequential,5.0,501698.0,1.0,,,,,1.0,,,,,1.0,,,2.0,,,1.0,,1.0,str,Adam,2007536.0,,timnyt,2023-04-18 05:35:02.108444,390
430,,,,,keras,True,True,Sequential,5.0,1003298.0,1.0,,,,,1.0,,,,,1.0,,,2.0,,,1.0,,1.0,str,Adam,4013936.0,,timnyt,2023-04-18 05:44:10.750392,391
431,,,,,keras,True,True,Sequential,5.0,1003298.0,1.0,,,,,1.0,,,,,1.0,,,2.0,,,1.0,,1.0,str,Adam,4013936.0,,timnyt,2023-04-18 00:20:28.871555,337
432,0.0,,,,keras,True,True,Sequential,8.0,1089922.0,1.0,2.0,1.0,,,1.0,,,,,1.0,,,2.0,,1.0,,,3.0,str,RMSprop,4361008.0,,vincent,2023-04-15 03:50:41.559019,147
